#usda 1.0
(
    defaultPrim = "Cappuccino"
    metersPerUnit = 1
    upAxis = "Y"
)

def Xform "Cappuccino"
{
    def Mesh "Mesh_0"
    {
        int[] faceVertexCounts = [3, 3, 3, 3, 3, 3, 3, 3, 3, 3, 3, 3, 3, 3, 3, 3, 3, 3, 3, 3, 3, 3, 3, 3, 3, 3, 3, 3, 3, 3, 3, 3, 3, 3, 3, 3, 3, 3, 3, 3, 3, 3, 3, 3, 3, 3, 3, 3, 3, 3, 3, 3, 3, 3, 3, 3, 3, 3, 3, 3, 3, 3, 3, 3, 3, 3, 3, 3, 3, 3, 3, 3, 3, 3, 3, 3, 3, 3, 3, 3, 3, 3, 3, 3, 3, 3, 3, 3, 3, 3, 3, 3, 3, 3, 3, 3, 3, 3, 3, 3, 3, 3, 3, 3, 3, 3, 3, 3, 3, 3, 3, 3, 3, 3, 3, 3, 3, 3, 3, 3, 3, 3, 3, 3, 3, 3, 3, 3, 3, 3, 3, 3, 3, 3, 3, 3, 3, 3, 3, 3, 3, 3, 3, 3, 3, 3, 3, 3, 3, 3, 3, 3, 3, 3, 3, 3, 3, 3, 3, 3, 3, 3, 3, 3, 3, 3, 3, 3, 3, 3, 3, 3, 3, 3, 3, 3, 3, 3, 3, 3, 3, 3, 3, 3, 3, 3, 3, 3, 3, 3, 3, 3, 3, 3, 3, 3, 3, 3, 3, 3, 3, 3, 3, 3, 3, 3, 3, 3, 3, 3, 3, 3, 3, 3, 3, 3, 3, 3, 3, 3, 3, 3, 3, 3, 3, 3, 3, 3, 3, 3, 3, 3, 3, 3, 3, 3, 3, 3, 3, 3, 3, 3, 3, 3, 3, 3, 3, 3, 3, 3, 3, 3, 3, 3, 3, 3, 3, 3, 3, 3, 3, 3, 3, 3, 3, 3, 3, 3, 3, 3, 3, 3, 3, 3, 3, 3, 3, 3, 3, 3, 3, 3, 3, 3, 3, 3, 3, 3, 3, 3, 3, 3, 3, 3, 3, 3, 3, 3, 3, 3, 3, 3, 3, 3, 3, 3, 3, 3, 3, 3, 3, 3, 3, 3, 3, 3, 3, 3, 3, 3, 3, 3, 3, 3, 3, 3, 3, 3, 3, 3, 3, 3, 3, 3, 3, 3, 3, 3, 3, 3, 3, 3, 3, 3, 3, 3, 3, 3, 3, 3, 3, 3, 3, 3, 3, 3, 3, 3, 3, 3, 3, 3, 3, 3, 3, 3, 3, 3, 3, 3, 3, 3, 3, 3, 3, 3, 3, 3, 3, 3, 3, 3, 3, 3, 3, 3, 3, 3, 3, 3, 3, 3, 3, 3, 3, 3, 3, 3, 3, 3, 3, 3, 3, 3, 3, 3, 3, 3, 3, 3, 3, 3, 3, 3, 3, 3, 3, 3, 3, 3, 3, 3, 3, 3, 3, 3, 3, 3, 3, 3, 3, 3, 3, 3, 3, 3, 3, 3, 3, 3, 3, 3, 3, 3, 3, 3, 3, 3, 3, 3, 3, 3, 3, 3, 3, 3, 3, 3, 3, 3, 3, 3, 3, 3, 3, 3, 3, 3, 3, 3, 3, 3, 3, 3, 3, 3, 3, 3, 3, 3, 3, 3, 3, 3, 3, 3, 3, 3, 3, 3, 3, 3, 3, 3, 3, 3, 3, 3, 3, 3, 3, 3, 3, 3, 3, 3, 3, 3, 3, 3, 3, 3, 3, 3, 3, 3, 3, 3, 3, 3, 3, 3, 3, 3, 3, 3, 3, 3, 3, 3, 3, 3, 3, 3, 3, 3, 3, 3, 3, 3, 3, 3, 3, 3, 3, 3, 3, 3, 3, 3, 3, 3, 3, 3, 3, 3, 3, 3, 3, 3, 3, 3, 3, 3, 3, 3, 3, 3, 3, 3, 3, 3, 3, 3, 3, 3, 3, 3, 3, 3, 3, 3, 3, 3, 3, 3, 3, 3, 3, 3, 3, 3, 3, 3, 3, 3, 3, 3, 3, 3, 3, 3, 3, 3, 3, 3, 3, 3, 3, 3, 3, 3, 3, 3, 3, 3, 3, 3, 3, 3, 3, 3, 3, 3, 3, 3, 3, 3, 3, 3, 3, 3, 3, 3, 3, 3, 3, 3, 3, 3, 3, 3, 3, 3, 3, 3, 3, 3, 3, 3, 3, 3, 3, 3, 3, 3, 3, 3, 3, 3, 3, 3, 3, 3, 3, 3, 3, 3, 3, 3, 3, 3]
        int[] faceVertexIndices = [0, 1, 8, 1, 9, 8, 1, 2, 9, 2, 10, 9, 2, 3, 10, 3, 11, 10, 3, 4, 11, 4, 12, 11, 4, 5, 12, 5, 13, 12, 5, 6, 13, 6, 14, 13, 6, 7, 14, 7, 15, 14, 8, 9, 16, 9, 17, 16, 9, 10, 17, 10, 18, 17, 10, 11, 18, 11, 19, 18, 11, 12, 19, 12, 20, 19, 12, 13, 20, 13, 21, 20, 13, 14, 21, 14, 22, 21, 14, 15, 22, 15, 23, 22, 16, 17, 24, 17, 25, 24, 17, 18, 25, 18, 26, 25, 18, 19, 26, 19, 27, 26, 19, 20, 27, 20, 28, 27, 20, 21, 28, 21, 29, 28, 21, 22, 29, 22, 30, 29, 22, 23, 30, 23, 31, 30, 24, 25, 32, 25, 33, 32, 25, 26, 33, 26, 34, 33, 26, 27, 34, 27, 35, 34, 27, 28, 35, 28, 36, 35, 28, 29, 36, 29, 37, 36, 29, 30, 37, 30, 38, 37, 30, 31, 38, 31, 39, 38, 32, 33, 40, 33, 41, 40, 33, 34, 41, 34, 42, 41, 34, 35, 42, 35, 43, 42, 35, 36, 43, 36, 44, 43, 36, 37, 44, 37, 45, 44, 37, 38, 45, 38, 46, 45, 38, 39, 46, 39, 47, 46, 40, 41, 48, 41, 49, 48, 41, 42, 49, 42, 50, 49, 42, 43, 50, 43, 51, 50, 43, 44, 51, 44, 52, 51, 44, 45, 52, 45, 53, 52, 45, 46, 53, 46, 54, 53, 46, 47, 54, 47, 55, 54, 48, 49, 56, 49, 57, 56, 49, 50, 57, 50, 58, 57, 50, 51, 58, 51, 59, 58, 51, 52, 59, 52, 60, 59, 52, 53, 60, 53, 61, 60, 53, 54, 61, 54, 62, 61, 54, 55, 62, 55, 63, 62, 56, 57, 64, 57, 65, 64, 57, 58, 65, 58, 66, 65, 58, 59, 66, 59, 67, 66, 59, 60, 67, 60, 68, 67, 60, 61, 68, 61, 69, 68, 61, 62, 69, 62, 70, 69, 62, 63, 70, 63, 71, 70, 64, 65, 72, 65, 73, 72, 65, 66, 73, 66, 74, 73, 66, 67, 74, 67, 75, 74, 67, 68, 75, 68, 76, 75, 68, 69, 76, 69, 77, 76, 69, 70, 77, 70, 78, 77, 70, 71, 78, 71, 79, 78, 72, 73, 80, 73, 81, 80, 73, 74, 81, 74, 82, 81, 74, 75, 82, 75, 83, 82, 75, 76, 83, 76, 84, 83, 76, 77, 84, 77, 85, 84, 77, 78, 85, 78, 86, 85, 78, 79, 86, 79, 87, 86, 80, 81, 88, 81, 89, 88, 81, 82, 89, 82, 90, 89, 82, 83, 90, 83, 91, 90, 83, 84, 91, 84, 92, 91, 84, 85, 92, 85, 93, 92, 85, 86, 93, 86, 94, 93, 86, 87, 94, 87, 95, 94, 88, 89, 96, 89, 97, 96, 89, 90, 97, 90, 98, 97, 90, 91, 98, 91, 99, 98, 91, 92, 99, 92, 100, 99, 92, 93, 100, 93, 101, 100, 93, 94, 101, 94, 102, 101, 94, 95, 102, 95, 103, 102, 96, 97, 104, 97, 105, 104, 97, 98, 105, 98, 106, 105, 98, 99, 106, 99, 107, 106, 99, 100, 107, 100, 108, 107, 100, 101, 108, 101, 109, 108, 101, 102, 109, 102, 110, 109, 102, 103, 110, 103, 111, 110, 104, 105, 112, 105, 113, 112, 105, 106, 113, 106, 114, 113, 106, 107, 114, 107, 115, 114, 107, 108, 115, 108, 116, 115, 108, 109, 116, 109, 117, 116, 109, 110, 117, 110, 118, 117, 110, 111, 118, 111, 119, 118, 112, 113, 120, 113, 121, 120, 113, 114, 121, 114, 122, 121, 114, 115, 122, 115, 123, 122, 115, 116, 123, 116, 124, 123, 116, 117, 124, 117, 125, 124, 117, 118, 125, 118, 126, 125, 118, 119, 126, 119, 127, 126, 120, 121, 128, 121, 129, 128, 121, 122, 129, 122, 130, 129, 122, 123, 130, 123, 131, 130, 123, 124, 131, 124, 132, 131, 124, 125, 132, 125, 133, 132, 125, 126, 133, 126, 134, 133, 126, 127, 134, 127, 135, 134, 128, 129, 136, 129, 137, 136, 129, 130, 137, 130, 138, 137, 130, 131, 138, 131, 139, 138, 131, 132, 139, 132, 140, 139, 132, 133, 140, 133, 141, 140, 133, 134, 141, 134, 142, 141, 134, 135, 142, 135, 143, 142, 136, 137, 144, 137, 145, 144, 137, 138, 145, 138, 146, 145, 138, 139, 146, 139, 147, 146, 139, 140, 147, 140, 148, 147, 140, 141, 148, 141, 149, 148, 141, 142, 149, 142, 150, 149, 142, 143, 150, 143, 151, 150, 144, 145, 152, 145, 153, 152, 145, 146, 153, 146, 154, 153, 146, 147, 154, 147, 155, 154, 147, 148, 155, 148, 156, 155, 148, 149, 156, 149, 157, 156, 149, 150, 157, 150, 158, 157, 150, 151, 158, 151, 159, 158, 152, 153, 160, 153, 161, 160, 153, 154, 161, 154, 162, 161, 154, 155, 162, 155, 163, 162, 155, 156, 163, 156, 164, 163, 156, 157, 164, 157, 165, 164, 157, 158, 165, 158, 166, 165, 158, 159, 166, 159, 167, 166, 160, 161, 168, 161, 169, 168, 161, 162, 169, 162, 170, 169, 162, 163, 170, 163, 171, 170, 163, 164, 171, 164, 172, 171, 164, 165, 172, 165, 173, 172, 165, 166, 173, 166, 174, 173, 166, 167, 174, 167, 175, 174, 168, 169, 176, 169, 177, 176, 169, 170, 177, 170, 178, 177, 170, 171, 178, 171, 179, 178, 171, 172, 179, 172, 180, 179, 172, 173, 180, 173, 181, 180, 173, 174, 181, 174, 182, 181, 174, 175, 182, 175, 183, 182, 176, 177, 184, 177, 185, 184, 177, 178, 185, 178, 186, 185, 178, 179, 186, 179, 187, 186, 179, 180, 187, 180, 188, 187, 180, 181, 188, 181, 189, 188, 181, 182, 189, 182, 190, 189, 182, 183, 190, 183, 191, 190, 184, 185, 192, 185, 193, 192, 185, 186, 193, 186, 194, 193, 186, 187, 194, 187, 195, 194, 187, 188, 195, 188, 196, 195, 188, 189, 196, 189, 197, 196, 189, 190, 197, 190, 198, 197, 190, 191, 198, 191, 199, 198, 192, 193, 200, 193, 201, 200, 193, 194, 201, 194, 202, 201, 194, 195, 202, 195, 203, 202, 195, 196, 203, 196, 204, 203, 196, 197, 204, 197, 205, 204, 197, 198, 205, 198, 206, 205, 198, 199, 206, 199, 207, 206, 200, 201, 208, 201, 209, 208, 201, 202, 209, 202, 210, 209, 202, 203, 210, 203, 211, 210, 203, 204, 211, 204, 212, 211, 204, 205, 212, 205, 213, 212, 205, 206, 213, 206, 214, 213, 206, 207, 214, 207, 215, 214, 208, 209, 216, 209, 217, 216, 209, 210, 217, 210, 218, 217, 210, 211, 218, 211, 219, 218, 211, 212, 219, 212, 220, 219, 212, 213, 220, 213, 221, 220, 213, 214, 221, 214, 222, 221, 214, 215, 222, 215, 223, 222, 216, 217, 224, 217, 225, 224, 217, 218, 225, 218, 226, 225, 218, 219, 226, 219, 227, 226, 219, 220, 227, 220, 228, 227, 220, 221, 228, 221, 229, 228, 221, 222, 229, 222, 230, 229, 222, 223, 230, 223, 231, 230, 224, 225, 232, 225, 233, 232, 225, 226, 233, 226, 234, 233, 226, 227, 234, 227, 235, 234, 227, 228, 235, 228, 236, 235, 228, 229, 236, 229, 237, 236, 229, 230, 237, 230, 238, 237, 230, 231, 238, 231, 239, 238, 232, 233, 240, 233, 241, 240, 233, 234, 241, 234, 242, 241, 234, 235, 242, 235, 243, 242, 235, 236, 243, 236, 244, 243, 236, 237, 244, 237, 245, 244, 237, 238, 245, 238, 246, 245, 238, 239, 246, 239, 247, 246, 240, 241, 248, 241, 249, 248, 241, 242, 249, 242, 250, 249, 242, 243, 250, 243, 251, 250, 243, 244, 251, 244, 252, 251, 244, 245, 252, 245, 253, 252, 245, 246, 253, 246, 254, 253, 246, 247, 254, 247, 255, 254, 248, 249, 256, 249, 257, 256, 249, 250, 257, 250, 258, 257, 250, 251, 258, 251, 259, 258, 251, 252, 259, 252, 260, 259, 252, 253, 260, 253, 261, 260, 253, 254, 261, 254, 262, 261, 254, 255, 262, 255, 263, 262, 256, 257, 264, 257, 265, 264, 257, 258, 265, 258, 266, 265, 258, 259, 266, 259, 267, 266, 259, 260, 267, 260, 268, 267, 260, 261, 268, 261, 269, 268, 261, 262, 269, 262, 270, 269, 262, 263, 270, 263, 271, 270, 264, 265, 272, 265, 273, 272, 265, 266, 273, 266, 274, 273, 266, 267, 274, 267, 275, 274, 267, 268, 275, 268, 276, 275, 268, 269, 276, 269, 277, 276, 269, 270, 277, 270, 278, 277, 270, 271, 278, 271, 279, 278, 272, 273, 280, 273, 281, 280, 273, 274, 281, 274, 282, 281, 274, 275, 282, 275, 283, 282, 275, 276, 283, 276, 284, 283, 276, 277, 284, 277, 285, 284, 277, 278, 285, 278, 286, 285, 278, 279, 286, 279, 287, 286, 280, 281, 288, 281, 289, 288, 281, 282, 289, 282, 290, 289, 282, 283, 290, 283, 291, 290, 283, 284, 291, 284, 292, 291, 284, 285, 292, 285, 293, 292, 285, 286, 293, 286, 294, 293, 286, 287, 294, 287, 295, 294, 288, 289, 296, 289, 297, 296, 289, 290, 297, 290, 298, 297, 290, 291, 298, 291, 299, 298, 291, 292, 299, 292, 300, 299, 292, 293, 300, 293, 301, 300, 293, 294, 301, 294, 302, 301, 294, 295, 302, 295, 303, 302, 296, 297, 304, 297, 305, 304, 297, 298, 305, 298, 306, 305, 298, 299, 306, 299, 307, 306, 299, 300, 307, 300, 308, 307, 300, 301, 308, 301, 309, 308, 301, 302, 309, 302, 310, 309, 302, 303, 310, 303, 311, 310, 304, 305, 312, 305, 313, 312, 305, 306, 313, 306, 314, 313, 306, 307, 314, 307, 315, 314, 307, 308, 315, 308, 316, 315, 308, 309, 316, 309, 317, 316, 309, 310, 317, 310, 318, 317, 310, 311, 318, 311, 319, 318, 312, 313, 320, 313, 321, 320, 313, 314, 321, 314, 322, 321, 314, 315, 322, 315, 323, 322, 315, 316, 323, 316, 324, 323, 316, 317, 324, 317, 325, 324, 317, 318, 325, 318, 326, 325, 318, 319, 326, 319, 327, 326, 320, 321, 328, 321, 329, 328, 321, 322, 329, 322, 330, 329, 322, 323, 330, 323, 331, 330, 323, 324, 331, 324, 332, 331, 324, 325, 332, 325, 333, 332, 325, 326, 333, 326, 334, 333, 326, 327, 334, 327, 335, 334, 328, 329, 336, 329, 337, 336, 329, 330, 337, 330, 338, 337, 330, 331, 338, 331, 339, 338, 331, 332, 339, 332, 340, 339, 332, 333, 340, 333, 341, 340, 333, 334, 341, 334, 342, 341, 334, 335, 342, 335, 343, 342, 336, 337, 344, 337, 345, 344, 337, 338, 345, 338, 346, 345, 338, 339, 346, 339, 347, 346, 339, 340, 347, 340, 348, 347, 340, 341, 348, 341, 349, 348, 341, 342, 349, 342, 350, 349, 342, 343, 350, 343, 351, 350, 344, 345, 352, 345, 353, 352, 345, 346, 353, 346, 354, 353, 346, 347, 354, 347, 355, 354, 347, 348, 355, 348, 356, 355, 348, 349, 356, 349, 357, 356, 349, 350, 357, 350, 358, 357, 350, 351, 358, 351, 359, 358, 352, 353, 360, 353, 361, 360, 353, 354, 361, 354, 362, 361, 354, 355, 362, 355, 363, 362, 355, 356, 363, 356, 364, 363, 356, 357, 364, 357, 365, 364, 357, 358, 365, 358, 366, 365, 358, 359, 366, 359, 367, 366, 360, 361, 368, 361, 369, 368, 361, 362, 369, 362, 370, 369, 362, 363, 370, 363, 371, 370, 363, 364, 371, 364, 372, 371, 364, 365, 372, 365, 373, 372, 365, 366, 373, 366, 374, 373, 366, 367, 374, 367, 375, 374, 368, 369, 376, 369, 377, 376, 369, 370, 377, 370, 378, 377, 370, 371, 378, 371, 379, 378, 371, 372, 379, 372, 380, 379, 372, 373, 380, 373, 381, 380, 373, 374, 381, 374, 382, 381, 374, 375, 382, 375, 383, 382, 376, 377, 0, 377, 1, 0, 377, 378, 1, 378, 2, 1, 378, 379, 2, 379, 3, 2, 379, 380, 3, 380, 4, 3, 380, 381, 4, 381, 5, 4, 381, 382, 5, 382, 6, 5, 382, 383, 6, 383, 7, 6]
        rel material:binding = </Cappuccino/Material_0>
        normal3f[] normals = [(0.0448985, -0.99899155, -3.2429232e-10), (0.17596954, -0.9843956, 7.536391e-9), (0.50545377, -0.8628537, 1.3791319e-8), (0.9361435, 0.3516182, 1.9212644e-8), (-0.37709233, 0.92617565, 1.4344595e-8), (-0.461038, 0.8873804, 1.6600284e-8), (-0.06785777, 0.997695, -1.9910644e-9), (0, 1, 0), (0.044514384, -0.99899155, 0.005860442), (0.17446408, -0.9843956, 0.02296859), (0.50112957, -0.8628537, 0.06597495), (0.9281347, 0.35161808, 0.122191176), (-0.3738662, 0.9261757, -0.049220398), (-0.4570937, 0.8873804, -0.060177516), (-0.067277245, 0.997695, -0.008857204), (0, 1, 0), (0.04336862, -0.99899155, 0.0116205895), (0.16997357, -0.9843956, 0.045544278), (0.4882308, -0.8628537, 0.13082111), (0.9042452, 0.35161808, 0.24229175), (-0.36424312, 0.9261757, -0.09759868), (-0.4453285, 0.8873804, -0.1193254), (-0.065545596, 0.997695, -0.017562883), (0, 1, 0), (0.041480802, -0.99899155, 0.017181909), (0.16257466, -0.9843956, 0.06734063), (0.4669783, -0.86285377, 0.19342867), (0.8648839, 0.35161802, 0.35824654), (-0.34838793, 0.92617565, -0.14430702), (-0.4259436, 0.88738036, -0.17643161), (-0.062692404, 0.997695, -0.025968054), (0, 1, 0), (0.03888324, -0.99899155, 0.02244925), (0.15239412, -0.9843956, 0.08798475), (0.43773583, -0.86285365, 0.2527269), (0.810724, 0.3516182, 0.46807182), (-0.32657152, 0.92617565, -0.18854617), (-0.39927062, 0.88738036, -0.23051901), (-0.05876656, 0.997695, -0.033928882), (0, 1, 0), (0.035620373, -0.99899155, 0.027332474), (0.13960603, -0.9843956, 0.10712352), (0.4010034, -0.8628537, 0.30770075), (0.7426927, 0.35161805, 0.569888), (-0.2991675, 0.92617565, -0.22955926), (-0.36576602, 0.8873804, -0.28066218), (-0.053835206, 0.997695, -0.04130921), (0, 1, 0), (0.031748034, -0.99899155, 0.031748034), (0.12442925, -0.9843956, 0.12442923), (0.35740972, -0.86285377, 0.3574097), (0.6619535, 0.351618, 0.66195345), (-0.26664442, 0.9261757, -0.26664448), (-0.32600296, 0.8873805, -0.32600304), (-0.047982685, 0.997695, -0.04798269), (0, 1, 0), (0.027332475, -0.99899155, 0.035620373), (0.1071235, -0.9843956, 0.13960604), (0.30770072, -0.8628537, 0.40100336), (0.569888, 0.35161808, 0.74269265), (-0.22955927, 0.92617565, -0.29916745), (-0.28066227, 0.88738036, -0.36576602), (-0.041309215, 0.997695, -0.053835202), (0, 1, 0), (0.02244925, -0.99899155, 0.03888324), (0.087984756, -0.9843956, 0.15239412), (0.25272682, -0.86285365, 0.4377359), (0.46807167, 0.35161817, 0.8107241), (-0.18854615, 0.92617565, -0.32657152), (-0.23051901, 0.88738036, -0.39927065), (-0.03392888, 0.997695, -0.05876656), (0, 1, 0), (0.017181907, -0.99899155, 0.041480806), (0.06734063, -0.9843956, 0.16257465), (0.19342874, -0.86285377, 0.4669783), (0.35824668, 0.351618, 0.86488384), (-0.14430706, 0.92617565, -0.34838793), (-0.17643163, 0.88738036, -0.42594358), (-0.025968052, 0.997695, -0.06269241), (0, 1, 0), (0.011620592, -0.99899155, 0.04336862), (0.04554426, -0.9843956, 0.16997358), (0.13082108, -0.8628537, 0.48823076), (0.24229173, 0.3516181, 0.9042452), (-0.097598664, 0.9261757, -0.36424315), (-0.11932537, 0.8873804, -0.44532847), (-0.017562887, 0.997695, -0.065545596), (0, 1, 0), (0.0058604395, -0.99899155, 0.044514384), (0.022968616, -0.9843956, 0.17446408), (0.06597495, -0.8628537, 0.5011295), (0.12219116, 0.3516181, 0.9281347), (-0.04922038, 0.9261757, -0.3738662), (-0.060177498, 0.8873804, -0.4570937), (-0.008857203, 0.997695, -0.06727724), (0, 1, 0), (3.2429232e-10, -0.99899155, 0.0448985), (-7.536391e-9, -0.9843956, 0.17596954), (-1.3791319e-8, -0.8628537, 0.50545377), (-1.9212644e-8, 0.3516182, 0.9361435), (-1.4344595e-8, 0.92617565, -0.37709233), (-1.6600284e-8, 0.8873804, -0.461038), (1.9910644e-9, 0.997695, -0.06785777), (0, 1, 0), (-0.005860442, -0.99899155, 0.044514384), (-0.02296859, -0.9843956, 0.17446408), (-0.06597495, -0.8628537, 0.50112957), (-0.122191176, 0.35161808, 0.9281347), (0.049220398, 0.9261757, -0.3738662), (0.060177516, 0.8873804, -0.4570937), (0.008857204, 0.997695, -0.067277245), (0, 1, 0), (-0.0116205895, -0.99899155, 0.04336862), (-0.045544278, -0.9843956, 0.16997357), (-0.13082111, -0.8628537, 0.4882308), (-0.24229175, 0.35161808, 0.9042452), (0.09759868, 0.9261757, -0.36424312), (0.1193254, 0.8873804, -0.4453285), (0.017562883, 0.997695, -0.065545596), (0, 1, 0), (-0.017181909, -0.99899155, 0.041480802), (-0.06734063, -0.9843956, 0.16257466), (-0.19342867, -0.86285377, 0.4669783), (-0.35824654, 0.35161802, 0.8648839), (0.14430702, 0.92617565, -0.34838793), (0.17643161, 0.88738036, -0.4259436), (0.025968054, 0.997695, -0.062692404), (0, 1, 0), (-0.02244925, -0.99899155, 0.03888324), (-0.08798475, -0.9843956, 0.15239412), (-0.2527269, -0.86285365, 0.43773583), (-0.46807182, 0.3516182, 0.810724), (0.18854617, 0.92617565, -0.32657152), (0.23051901, 0.88738036, -0.39927062), (0.033928882, 0.997695, -0.05876656), (0, 1, 0), (-0.027332474, -0.99899155, 0.035620373), (-0.10712352, -0.9843956, 0.13960603), (-0.30770075, -0.8628537, 0.4010034), (-0.569888, 0.35161805, 0.7426927), (0.22955926, 0.92617565, -0.2991675), (0.28066218, 0.8873804, -0.36576602), (0.04130921, 0.997695, -0.053835206), (0, 1, 0), (-0.031748034, -0.99899155, 0.031748034), (-0.12442923, -0.9843956, 0.12442925), (-0.3574097, -0.86285377, 0.35740972), (-0.66195345, 0.351618, 0.6619535), (0.26664448, 0.9261757, -0.26664442), (0.32600304, 0.8873805, -0.32600296), (0.04798269, 0.997695, -0.047982685), (0, 1, 0), (-0.035620373, -0.99899155, 0.027332475), (-0.13960604, -0.9843956, 0.1071235), (-0.40100336, -0.8628537, 0.30770072), (-0.74269265, 0.35161808, 0.569888), (0.29916745, 0.92617565, -0.22955927), (0.36576602, 0.88738036, -0.28066227), (0.053835202, 0.997695, -0.041309215), (0, 1, 0), (-0.03888324, -0.99899155, 0.02244925), (-0.15239412, -0.9843956, 0.087984756), (-0.4377359, -0.86285365, 0.25272682), (-0.8107241, 0.35161817, 0.46807167), (0.32657152, 0.92617565, -0.18854615), (0.39927065, 0.88738036, -0.23051901), (0.05876656, 0.997695, -0.03392888), (0, 1, 0), (-0.041480806, -0.99899155, 0.017181907), (-0.16257465, -0.9843956, 0.06734063), (-0.4669783, -0.86285377, 0.19342874), (-0.86488384, 0.351618, 0.35824668), (0.34838793, 0.92617565, -0.14430706), (0.42594358, 0.88738036, -0.17643163), (0.06269241, 0.997695, -0.025968052), (0, 1, 0), (-0.04336862, -0.99899155, 0.011620592), (-0.16997358, -0.9843956, 0.04554426), (-0.48823076, -0.8628537, 0.13082108), (-0.9042452, 0.3516181, 0.24229173), (0.36424315, 0.9261757, -0.097598664), (0.44532847, 0.8873804, -0.11932537), (0.065545596, 0.997695, -0.017562887), (0, 1, 0), (-0.044514384, -0.99899155, 0.0058604395), (-0.17446408, -0.9843956, 0.022968616), (-0.5011295, -0.8628537, 0.06597495), (-0.9281347, 0.3516181, 0.12219116), (0.3738662, 0.9261757, -0.04922038), (0.4570937, 0.8873804, -0.060177498), (0.06727724, 0.997695, -0.008857203), (0, 1, 0), (-0.0448985, -0.99899155, 3.2429232e-10), (-0.17596954, -0.9843956, -7.53639e-9), (-0.50545377, -0.8628537, -1.3791319e-8), (-0.9361435, 0.3516182, -1.9212644e-8), (0.37709233, 0.92617565, -1.4344595e-8), (0.461038, 0.8873804, -1.6600284e-8), (0.06785777, 0.997695, 1.9910644e-9), (0, 1, 0), (-0.044514384, -0.99899155, -0.005860442), (-0.17446408, -0.9843956, -0.02296859), (-0.50112957, -0.8628537, -0.06597495), (-0.9281347, 0.35161808, -0.122191176), (0.3738662, 0.9261757, 0.049220398), (0.4570937, 0.8873804, 0.060177516), (0.067277245, 0.997695, 0.008857204), (0, 1, 0), (-0.04336862, -0.99899155, -0.0116205895), (-0.16997357, -0.9843956, -0.045544278), (-0.4882308, -0.8628537, -0.13082111), (-0.9042452, 0.35161808, -0.24229175), (0.36424312, 0.9261757, 0.09759868), (0.4453285, 0.8873804, 0.1193254), (0.065545596, 0.997695, 0.017562883), (0, 1, 0), (-0.041480802, -0.99899155, -0.017181909), (-0.16257466, -0.9843956, -0.06734063), (-0.4669783, -0.86285377, -0.19342867), (-0.8648839, 0.35161802, -0.35824654), (0.34838793, 0.92617565, 0.14430702), (0.4259436, 0.88738036, 0.17643161), (0.062692404, 0.997695, 0.025968054), (0, 1, 0), (-0.03888324, -0.99899155, -0.02244925), (-0.15239412, -0.9843956, -0.08798475), (-0.43773583, -0.86285365, -0.2527269), (-0.810724, 0.3516182, -0.46807182), (0.32657152, 0.92617565, 0.18854617), (0.39927062, 0.88738036, 0.23051901), (0.05876656, 0.997695, 0.033928882), (0, 1, 0), (-0.035620373, -0.99899155, -0.027332474), (-0.13960603, -0.9843956, -0.10712352), (-0.4010034, -0.8628537, -0.30770075), (-0.7426927, 0.35161805, -0.569888), (0.2991675, 0.92617565, 0.22955926), (0.36576602, 0.8873804, 0.28066218), (0.053835206, 0.997695, 0.04130921), (0, 1, 0), (-0.031748034, -0.99899155, -0.031748034), (-0.12442925, -0.9843956, -0.12442923), (-0.35740972, -0.86285377, -0.3574097), (-0.6619535, 0.351618, -0.66195345), (0.26664442, 0.9261757, 0.26664448), (0.32600296, 0.8873805, 0.32600304), (0.047982685, 0.997695, 0.04798269), (0, 1, 0), (-0.027332475, -0.99899155, -0.035620373), (-0.1071235, -0.9843956, -0.13960604), (-0.30770072, -0.8628537, -0.40100336), (-0.569888, 0.35161808, -0.74269265), (0.22955927, 0.92617565, 0.29916745), (0.28066227, 0.88738036, 0.36576602), (0.041309215, 0.997695, 0.053835202), (0, 1, 0), (-0.02244925, -0.99899155, -0.03888324), (-0.087984756, -0.9843956, -0.15239412), (-0.25272682, -0.86285365, -0.4377359), (-0.46807167, 0.35161817, -0.8107241), (0.18854615, 0.92617565, 0.32657152), (0.23051901, 0.88738036, 0.39927065), (0.03392888, 0.997695, 0.05876656), (0, 1, 0), (-0.017181907, -0.99899155, -0.041480806), (-0.06734063, -0.9843956, -0.16257465), (-0.19342874, -0.86285377, -0.4669783), (-0.35824668, 0.351618, -0.86488384), (0.14430706, 0.92617565, 0.34838793), (0.17643163, 0.88738036, 0.42594358), (0.025968052, 0.997695, 0.06269241), (0, 1, 0), (-0.011620592, -0.99899155, -0.04336862), (-0.04554426, -0.9843956, -0.16997358), (-0.13082108, -0.8628537, -0.48823076), (-0.24229173, 0.3516181, -0.9042452), (0.097598664, 0.9261757, 0.36424315), (0.11932537, 0.8873804, 0.44532847), (0.017562887, 0.997695, 0.065545596), (0, 1, 0), (-0.0058604395, -0.99899155, -0.044514384), (-0.022968616, -0.9843956, -0.17446408), (-0.06597495, -0.8628537, -0.5011295), (-0.12219116, 0.3516181, -0.9281347), (0.04922038, 0.9261757, 0.3738662), (0.060177498, 0.8873804, 0.4570937), (0.008857203, 0.997695, 0.06727724), (0, 1, 0), (-3.2429232e-10, -0.99899155, -0.0448985), (7.53639e-9, -0.9843956, -0.17596954), (1.3791319e-8, -0.8628537, -0.50545377), (1.9212644e-8, 0.3516182, -0.9361435), (1.4344595e-8, 0.92617565, 0.37709233), (1.6600284e-8, 0.8873804, 0.461038), (-1.9910644e-9, 0.997695, 0.06785777), (0, 1, 0), (0.005860442, -0.99899155, -0.044514384), (0.02296859, -0.9843956, -0.17446408), (0.06597495, -0.8628537, -0.50112957), (0.122191176, 0.35161808, -0.9281347), (-0.049220398, 0.9261757, 0.3738662), (-0.060177516, 0.8873804, 0.4570937), (-0.008857204, 0.997695, 0.067277245), (0, 1, 0), (0.0116205895, -0.99899155, -0.04336862), (0.045544278, -0.9843956, -0.16997357), (0.13082111, -0.8628537, -0.4882308), (0.24229175, 0.35161808, -0.9042452), (-0.09759868, 0.9261757, 0.36424312), (-0.1193254, 0.8873804, 0.4453285), (-0.017562883, 0.997695, 0.065545596), (0, 1, 0), (0.017181909, -0.99899155, -0.041480802), (0.06734063, -0.9843956, -0.16257466), (0.19342867, -0.86285377, -0.4669783), (0.35824654, 0.35161802, -0.8648839), (-0.14430702, 0.92617565, 0.34838793), (-0.17643161, 0.88738036, 0.4259436), (-0.025968054, 0.997695, 0.062692404), (0, 1, 0), (0.02244925, -0.99899155, -0.03888324), (0.08798475, -0.9843956, -0.15239412), (0.2527269, -0.86285365, -0.43773583), (0.46807182, 0.3516182, -0.810724), (-0.18854617, 0.92617565, 0.32657152), (-0.23051901, 0.88738036, 0.39927062), (-0.033928882, 0.997695, 0.05876656), (0, 1, 0), (0.027332474, -0.99899155, -0.035620373), (0.10712352, -0.9843956, -0.13960603), (0.30770075, -0.8628537, -0.4010034), (0.569888, 0.35161805, -0.7426927), (-0.22955926, 0.92617565, 0.2991675), (-0.28066218, 0.8873804, 0.36576602), (-0.04130921, 0.997695, 0.053835206), (0, 1, 0), (0.031748034, -0.99899155, -0.031748034), (0.12442923, -0.9843956, -0.12442925), (0.3574097, -0.86285377, -0.35740972), (0.66195345, 0.351618, -0.6619535), (-0.26664448, 0.9261757, 0.26664442), (-0.32600304, 0.8873805, 0.32600296), (-0.04798269, 0.997695, 0.047982685), (0, 1, 0), (0.035620373, -0.99899155, -0.027332475), (0.13960604, -0.9843956, -0.1071235), (0.40100336, -0.8628537, -0.30770072), (0.74269265, 0.35161808, -0.569888), (-0.29916745, 0.92617565, 0.22955927), (-0.36576602, 0.88738036, 0.28066227), (-0.053835202, 0.997695, 0.041309215), (0, 1, 0), (0.03888324, -0.99899155, -0.02244925), (0.15239412, -0.9843956, -0.087984756), (0.4377359, -0.86285365, -0.25272682), (0.8107241, 0.35161817, -0.46807167), (-0.32657152, 0.92617565, 0.18854615), (-0.39927065, 0.88738036, 0.23051901), (-0.05876656, 0.997695, 0.03392888), (0, 1, 0), (0.041480806, -0.99899155, -0.017181907), (0.16257465, -0.9843956, -0.06734063), (0.4669783, -0.86285377, -0.19342874), (0.86488384, 0.351618, -0.35824668), (-0.34838793, 0.92617565, 0.14430706), (-0.42594358, 0.88738036, 0.17643163), (-0.06269241, 0.997695, 0.025968052), (0, 1, 0), (0.04336862, -0.99899155, -0.011620592), (0.16997358, -0.9843956, -0.04554426), (0.48823076, -0.8628537, -0.13082108), (0.9042452, 0.3516181, -0.24229173), (-0.36424315, 0.9261757, 0.097598664), (-0.44532847, 0.8873804, 0.11932537), (-0.065545596, 0.997695, 0.017562887), (0, 1, 0), (0.044514384, -0.99899155, -0.0058604395), (0.17446408, -0.9843956, -0.022968616), (0.5011295, -0.8628537, -0.06597495), (0.9281347, 0.3516181, -0.12219116), (-0.3738662, 0.9261757, 0.04922038), (-0.4570937, 0.8873804, 0.060177498), (-0.06727724, 0.997695, 0.008857203), (0, 1, 0)] (
            interpolation = "vertex"
        )
        point3f[] points = [(0.001, 0, 0), (0.0455, 0.002, 0), (0.0585, 0.006, 0), (0.065, 0.012, 0), (0.062, 0.012, 0), (0.05525, 0.005, 0), (0.04, 0.003, 0), (0.001, 0.003, 0), (0.0009914449, 0, 0.0001305262), (0.04511074, 0.002, 0.0059389416), (0.057999525, 0.006, 0.0076357825), (0.064443916, 0.012, 0.008484202), (0.06146958, 0.012, 0.008092624), (0.054777328, 0.005, 0.007211572), (0.039657794, 0.003, 0.005221048), (0.0009914449, 0.003, 0.0001305262), (0.0009659258, 0, 0.00025881905), (0.043949626, 0.002, 0.011776267), (0.05650666, 0.006, 0.015140914), (0.06278518, 0.012, 0.016823238), (0.0598874, 0.012, 0.016046781), (0.053367402, 0.005, 0.014299752), (0.038637035, 0.003, 0.0103527615), (0.0009659258, 0.003, 0.00025881905), (0.00092387956, 0, 0.00038268344), (0.04203652, 0.002, 0.017412096), (0.05404695, 0.006, 0.022386981), (0.06005217, 0.012, 0.024874423), (0.05728053, 0.012, 0.023726372), (0.051044345, 0.005, 0.02114326), (0.03695518, 0.003, 0.015307337), (0.00092387956, 0.003, 0.00038268344), (0.0008660254, 0, 0.0005), (0.039404158, 0.002, 0.02275), (0.050662488, 0.006, 0.02925), (0.05629165, 0.012, 0.0325), (0.053693574, 0.012, 0.031), (0.047847904, 0.005, 0.027625), (0.034641016, 0.003, 0.02), (0.0008660254, 0.003, 0.0005), (0.00079335336, 0, 0.00060876145), (0.03609758, 0.002, 0.027698645), (0.04641117, 0.006, 0.035612542), (0.051567968, 0.012, 0.039569493), (0.049187906, 0.012, 0.037743207), (0.04383277, 0.005, 0.03363407), (0.031734135, 0.003, 0.024350457), (0.00079335336, 0.003, 0.00060876145), (0.0007071068, 0, 0.0007071068), (0.032173358, 0.002, 0.032173358), (0.041365746, 0.006, 0.041365746), (0.045961943, 0.012, 0.045961943), (0.04384062, 0.012, 0.04384062), (0.03906765, 0.005, 0.03906765), (0.02828427, 0.003, 0.02828427), (0.0007071068, 0.003, 0.0007071068), (0.00060876145, 0, 0.00079335336), (0.027698645, 0.002, 0.03609758), (0.035612542, 0.006, 0.04641117), (0.039569493, 0.012, 0.051567968), (0.037743207, 0.012, 0.049187906), (0.03363407, 0.005, 0.04383277), (0.024350457, 0.003, 0.031734135), (0.00060876145, 0.003, 0.00079335336), (0.0005, 0, 0.0008660254), (0.02275, 0.002, 0.039404158), (0.02925, 0.006, 0.050662488), (0.0325, 0.012, 0.05629165), (0.031, 0.012, 0.053693574), (0.027625, 0.005, 0.047847904), (0.02, 0.003, 0.034641016), (0.0005, 0.003, 0.0008660254), (0.00038268344, 0, 0.00092387956), (0.017412096, 0.002, 0.04203652), (0.022386981, 0.006, 0.05404695), (0.024874423, 0.012, 0.06005217), (0.023726372, 0.012, 0.05728053), (0.02114326, 0.005, 0.051044345), (0.015307337, 0.003, 0.03695518), (0.00038268344, 0.003, 0.00092387956), (0.00025881905, 0, 0.0009659258), (0.011776267, 0.002, 0.043949626), (0.015140914, 0.006, 0.05650666), (0.016823238, 0.012, 0.06278518), (0.016046781, 0.012, 0.0598874), (0.014299752, 0.005, 0.053367402), (0.0103527615, 0.003, 0.038637035), (0.00025881905, 0.003, 0.0009659258), (0.0001305262, 0, 0.0009914449), (0.0059389416, 0.002, 0.04511074), (0.0076357825, 0.006, 0.057999525), (0.008484202, 0.012, 0.064443916), (0.008092624, 0.012, 0.06146958), (0.007211572, 0.005, 0.054777328), (0.005221048, 0.003, 0.039657794), (0.0001305262, 0.003, 0.0009914449), (6.123234e-20, 0, 0.001), (2.7860715e-18, 0.002, 0.0455), (3.582092e-18, 0.006, 0.0585), (3.980102e-18, 0.012, 0.065), (3.796405e-18, 0.012, 0.062), (3.3830868e-18, 0.005, 0.05525), (2.4492936e-18, 0.003, 0.04), (6.123234e-20, 0.003, 0.001), (-0.0001305262, 0, 0.0009914449), (-0.0059389416, 0.002, 0.04511074), (-0.0076357825, 0.006, 0.057999525), (-0.008484202, 0.012, 0.064443916), (-0.008092624, 0.012, 0.06146958), (-0.007211572, 0.005, 0.054777328), (-0.005221048, 0.003, 0.039657794), (-0.0001305262, 0.003, 0.0009914449), (-0.00025881905, 0, 0.0009659258), (-0.011776267, 0.002, 0.043949626), (-0.015140914, 0.006, 0.05650666), (-0.016823238, 0.012, 0.06278518), (-0.016046781, 0.012, 0.0598874), (-0.014299752, 0.005, 0.053367402), (-0.0103527615, 0.003, 0.038637035), (-0.00025881905, 0.003, 0.0009659258), (-0.00038268344, 0, 0.00092387956), (-0.017412096, 0.002, 0.04203652), (-0.022386981, 0.006, 0.05404695), (-0.024874423, 0.012, 0.06005217), (-0.023726372, 0.012, 0.05728053), (-0.02114326, 0.005, 0.051044345), (-0.015307337, 0.003, 0.03695518), (-0.00038268344, 0.003, 0.00092387956), (-0.0005, 0, 0.0008660254), (-0.02275, 0.002, 0.039404158), (-0.02925, 0.006, 0.050662488), (-0.0325, 0.012, 0.05629165), (-0.031, 0.012, 0.053693574), (-0.027625, 0.005, 0.047847904), (-0.02, 0.003, 0.034641016), (-0.0005, 0.003, 0.0008660254), (-0.00060876145, 0, 0.00079335336), (-0.027698645, 0.002, 0.03609758), (-0.035612542, 0.006, 0.04641117), (-0.039569493, 0.012, 0.051567968), (-0.037743207, 0.012, 0.049187906), (-0.03363407, 0.005, 0.04383277), (-0.024350457, 0.003, 0.031734135), (-0.00060876145, 0.003, 0.00079335336), (-0.0007071068, 0, 0.0007071068), (-0.032173358, 0.002, 0.032173358), (-0.041365746, 0.006, 0.041365746), (-0.045961943, 0.012, 0.045961943), (-0.04384062, 0.012, 0.04384062), (-0.03906765, 0.005, 0.03906765), (-0.02828427, 0.003, 0.02828427), (-0.0007071068, 0.003, 0.0007071068), (-0.00079335336, 0, 0.00060876145), (-0.03609758, 0.002, 0.027698645), (-0.04641117, 0.006, 0.035612542), (-0.051567968, 0.012, 0.039569493), (-0.049187906, 0.012, 0.037743207), (-0.04383277, 0.005, 0.03363407), (-0.031734135, 0.003, 0.024350457), (-0.00079335336, 0.003, 0.00060876145), (-0.0008660254, 0, 0.0005), (-0.039404158, 0.002, 0.02275), (-0.050662488, 0.006, 0.02925), (-0.05629165, 0.012, 0.0325), (-0.053693574, 0.012, 0.031), (-0.047847904, 0.005, 0.027625), (-0.034641016, 0.003, 0.02), (-0.0008660254, 0.003, 0.0005), (-0.00092387956, 0, 0.00038268344), (-0.04203652, 0.002, 0.017412096), (-0.05404695, 0.006, 0.022386981), (-0.06005217, 0.012, 0.024874423), (-0.05728053, 0.012, 0.023726372), (-0.051044345, 0.005, 0.02114326), (-0.03695518, 0.003, 0.015307337), (-0.00092387956, 0.003, 0.00038268344), (-0.0009659258, 0, 0.00025881905), (-0.043949626, 0.002, 0.011776267), (-0.05650666, 0.006, 0.015140914), (-0.06278518, 0.012, 0.016823238), (-0.0598874, 0.012, 0.016046781), (-0.053367402, 0.005, 0.014299752), (-0.038637035, 0.003, 0.0103527615), (-0.0009659258, 0.003, 0.00025881905), (-0.0009914449, 0, 0.0001305262), (-0.04511074, 0.002, 0.0059389416), (-0.057999525, 0.006, 0.0076357825), (-0.064443916, 0.012, 0.008484202), (-0.06146958, 0.012, 0.008092624), (-0.054777328, 0.005, 0.007211572), (-0.039657794, 0.003, 0.005221048), (-0.0009914449, 0.003, 0.0001305262), (-0.001, 0, 1.2246468e-19), (-0.0455, 0.002, 5.572143e-18), (-0.0585, 0.006, 7.164184e-18), (-0.065, 0.012, 7.960204e-18), (-0.062, 0.012, 7.59281e-18), (-0.05525, 0.005, 6.7661736e-18), (-0.04, 0.003, 4.898587e-18), (-0.001, 0.003, 1.2246468e-19), (-0.0009914449, 0, -0.0001305262), (-0.04511074, 0.002, -0.0059389416), (-0.057999525, 0.006, -0.0076357825), (-0.064443916, 0.012, -0.008484202), (-0.06146958, 0.012, -0.008092624), (-0.054777328, 0.005, -0.007211572), (-0.039657794, 0.003, -0.005221048), (-0.0009914449, 0.003, -0.0001305262), (-0.0009659258, 0, -0.00025881905), (-0.043949626, 0.002, -0.011776267), (-0.05650666, 0.006, -0.015140914), (-0.06278518, 0.012, -0.016823238), (-0.0598874, 0.012, -0.016046781), (-0.053367402, 0.005, -0.014299752), (-0.038637035, 0.003, -0.0103527615), (-0.0009659258, 0.003, -0.00025881905), (-0.00092387956, 0, -0.00038268344), (-0.04203652, 0.002, -0.017412096), (-0.05404695, 0.006, -0.022386981), (-0.06005217, 0.012, -0.024874423), (-0.05728053, 0.012, -0.023726372), (-0.051044345, 0.005, -0.02114326), (-0.03695518, 0.003, -0.015307337), (-0.00092387956, 0.003, -0.00038268344), (-0.0008660254, 0, -0.0005), (-0.039404158, 0.002, -0.02275), (-0.050662488, 0.006, -0.02925), (-0.05629165, 0.012, -0.0325), (-0.053693574, 0.012, -0.031), (-0.047847904, 0.005, -0.027625), (-0.034641016, 0.003, -0.02), (-0.0008660254, 0.003, -0.0005), (-0.00079335336, 0, -0.00060876145), (-0.03609758, 0.002, -0.027698645), (-0.04641117, 0.006, -0.035612542), (-0.051567968, 0.012, -0.039569493), (-0.049187906, 0.012, -0.037743207), (-0.04383277, 0.005, -0.03363407), (-0.031734135, 0.003, -0.024350457), (-0.00079335336, 0.003, -0.00060876145), (-0.0007071068, 0, -0.0007071068), (-0.032173358, 0.002, -0.032173358), (-0.041365746, 0.006, -0.041365746), (-0.045961943, 0.012, -0.045961943), (-0.04384062, 0.012, -0.04384062), (-0.03906765, 0.005, -0.03906765), (-0.02828427, 0.003, -0.02828427), (-0.0007071068, 0.003, -0.0007071068), (-0.00060876145, 0, -0.00079335336), (-0.027698645, 0.002, -0.03609758), (-0.035612542, 0.006, -0.04641117), (-0.039569493, 0.012, -0.051567968), (-0.037743207, 0.012, -0.049187906), (-0.03363407, 0.005, -0.04383277), (-0.024350457, 0.003, -0.031734135), (-0.00060876145, 0.003, -0.00079335336), (-0.0005, 0, -0.0008660254), (-0.02275, 0.002, -0.039404158), (-0.02925, 0.006, -0.050662488), (-0.0325, 0.012, -0.05629165), (-0.031, 0.012, -0.053693574), (-0.027625, 0.005, -0.047847904), (-0.02, 0.003, -0.034641016), (-0.0005, 0.003, -0.0008660254), (-0.00038268344, 0, -0.00092387956), (-0.017412096, 0.002, -0.04203652), (-0.022386981, 0.006, -0.05404695), (-0.024874423, 0.012, -0.06005217), (-0.023726372, 0.012, -0.05728053), (-0.02114326, 0.005, -0.051044345), (-0.015307337, 0.003, -0.03695518), (-0.00038268344, 0.003, -0.00092387956), (-0.00025881905, 0, -0.0009659258), (-0.011776267, 0.002, -0.043949626), (-0.015140914, 0.006, -0.05650666), (-0.016823238, 0.012, -0.06278518), (-0.016046781, 0.012, -0.0598874), (-0.014299752, 0.005, -0.053367402), (-0.0103527615, 0.003, -0.038637035), (-0.00025881905, 0.003, -0.0009659258), (-0.0001305262, 0, -0.0009914449), (-0.0059389416, 0.002, -0.04511074), (-0.0076357825, 0.006, -0.057999525), (-0.008484202, 0.012, -0.064443916), (-0.008092624, 0.012, -0.06146958), (-0.007211572, 0.005, -0.054777328), (-0.005221048, 0.003, -0.039657794), (-0.0001305262, 0.003, -0.0009914449), (-1.8369701e-19, 0, -0.001), (-8.358214e-18, 0.002, -0.0455), (-1.07462756e-17, 0.006, -0.0585), (-1.1940307e-17, 0.012, -0.065), (-1.1389215e-17, 0.012, -0.062), (-1.01492604e-17, 0.005, -0.05525), (-7.347881e-18, 0.003, -0.04), (-1.8369701e-19, 0.003, -0.001), (0.0001305262, 0, -0.0009914449), (0.0059389416, 0.002, -0.04511074), (0.0076357825, 0.006, -0.057999525), (0.008484202, 0.012, -0.064443916), (0.008092624, 0.012, -0.06146958), (0.007211572, 0.005, -0.054777328), (0.005221048, 0.003, -0.039657794), (0.0001305262, 0.003, -0.0009914449), (0.00025881905, 0, -0.0009659258), (0.011776267, 0.002, -0.043949626), (0.015140914, 0.006, -0.05650666), (0.016823238, 0.012, -0.06278518), (0.016046781, 0.012, -0.0598874), (0.014299752, 0.005, -0.053367402), (0.0103527615, 0.003, -0.038637035), (0.00025881905, 0.003, -0.0009659258), (0.00038268344, 0, -0.00092387956), (0.017412096, 0.002, -0.04203652), (0.022386981, 0.006, -0.05404695), (0.024874423, 0.012, -0.06005217), (0.023726372, 0.012, -0.05728053), (0.02114326, 0.005, -0.051044345), (0.015307337, 0.003, -0.03695518), (0.00038268344, 0.003, -0.00092387956), (0.0005, 0, -0.0008660254), (0.02275, 0.002, -0.039404158), (0.02925, 0.006, -0.050662488), (0.0325, 0.012, -0.05629165), (0.031, 0.012, -0.053693574), (0.027625, 0.005, -0.047847904), (0.02, 0.003, -0.034641016), (0.0005, 0.003, -0.0008660254), (0.00060876145, 0, -0.00079335336), (0.027698645, 0.002, -0.03609758), (0.035612542, 0.006, -0.04641117), (0.039569493, 0.012, -0.051567968), (0.037743207, 0.012, -0.049187906), (0.03363407, 0.005, -0.04383277), (0.024350457, 0.003, -0.031734135), (0.00060876145, 0.003, -0.00079335336), (0.0007071068, 0, -0.0007071068), (0.032173358, 0.002, -0.032173358), (0.041365746, 0.006, -0.041365746), (0.045961943, 0.012, -0.045961943), (0.04384062, 0.012, -0.04384062), (0.03906765, 0.005, -0.03906765), (0.02828427, 0.003, -0.02828427), (0.0007071068, 0.003, -0.0007071068), (0.00079335336, 0, -0.00060876145), (0.03609758, 0.002, -0.027698645), (0.04641117, 0.006, -0.035612542), (0.051567968, 0.012, -0.039569493), (0.049187906, 0.012, -0.037743207), (0.04383277, 0.005, -0.03363407), (0.031734135, 0.003, -0.024350457), (0.00079335336, 0.003, -0.00060876145), (0.0008660254, 0, -0.0005), (0.039404158, 0.002, -0.02275), (0.050662488, 0.006, -0.02925), (0.05629165, 0.012, -0.0325), (0.053693574, 0.012, -0.031), (0.047847904, 0.005, -0.027625), (0.034641016, 0.003, -0.02), (0.0008660254, 0.003, -0.0005), (0.00092387956, 0, -0.00038268344), (0.04203652, 0.002, -0.017412096), (0.05404695, 0.006, -0.022386981), (0.06005217, 0.012, -0.024874423), (0.05728053, 0.012, -0.023726372), (0.051044345, 0.005, -0.02114326), (0.03695518, 0.003, -0.015307337), (0.00092387956, 0.003, -0.00038268344), (0.0009659258, 0, -0.00025881905), (0.043949626, 0.002, -0.011776267), (0.05650666, 0.006, -0.015140914), (0.06278518, 0.012, -0.016823238), (0.0598874, 0.012, -0.016046781), (0.053367402, 0.005, -0.014299752), (0.038637035, 0.003, -0.0103527615), (0.0009659258, 0.003, -0.00025881905), (0.0009914449, 0, -0.0001305262), (0.04511074, 0.002, -0.0059389416), (0.057999525, 0.006, -0.0076357825), (0.064443916, 0.012, -0.008484202), (0.06146958, 0.012, -0.008092624), (0.054777328, 0.005, -0.007211572), (0.039657794, 0.003, -0.005221048), (0.0009914449, 0.003, -0.0001305262)]
    }

    def Material "Material_0"
    {
        token outputs:surface.connect = </Cappuccino/Material_0/PBRShader.outputs:surface>

        def Shader "PBRShader"
        {
            uniform token info:id = "UsdPreviewSurface"
            color3f inputs:diffuseColor = (0.9607843, 0.9607843, 0.972549)
            float inputs:metallic = 0
            float inputs:roughness = 0.3
            token outputs:surface
        }
    }

    def Mesh "Mesh_1"
    {
        int[] faceVertexCounts = [3, 3, 3, 3, 3, 3, 3, 3, 3, 3, 3, 3, 3, 3, 3, 3, 3, 3, 3, 3, 3, 3, 3, 3, 3, 3, 3, 3, 3, 3, 3, 3, 3, 3, 3, 3, 3, 3, 3, 3, 3, 3, 3, 3, 3, 3, 3, 3, 3, 3, 3, 3, 3, 3, 3, 3, 3, 3, 3, 3, 3, 3, 3, 3, 3, 3, 3, 3, 3, 3, 3, 3, 3, 3, 3, 3, 3, 3, 3, 3, 3, 3, 3, 3, 3, 3, 3, 3, 3, 3, 3, 3, 3, 3, 3, 3, 3, 3, 3, 3, 3, 3, 3, 3, 3, 3, 3, 3, 3, 3, 3, 3, 3, 3, 3, 3, 3, 3, 3, 3, 3, 3, 3, 3, 3, 3, 3, 3, 3, 3, 3, 3, 3, 3, 3, 3, 3, 3, 3, 3, 3, 3, 3, 3, 3, 3, 3, 3, 3, 3, 3, 3, 3, 3, 3, 3, 3, 3, 3, 3, 3, 3, 3, 3, 3, 3, 3, 3, 3, 3, 3, 3, 3, 3, 3, 3, 3, 3, 3, 3, 3, 3, 3, 3, 3, 3, 3, 3, 3, 3, 3, 3, 3, 3, 3, 3, 3, 3, 3, 3, 3, 3, 3, 3, 3, 3, 3, 3, 3, 3, 3, 3, 3, 3, 3, 3, 3, 3, 3, 3, 3, 3, 3, 3, 3, 3, 3, 3, 3, 3, 3, 3, 3, 3, 3, 3, 3, 3, 3, 3, 3, 3, 3, 3, 3, 3, 3, 3, 3, 3, 3, 3, 3, 3, 3, 3, 3, 3, 3, 3, 3, 3, 3, 3, 3, 3, 3, 3, 3, 3, 3, 3, 3, 3, 3, 3, 3, 3, 3, 3, 3, 3, 3, 3, 3, 3, 3, 3, 3, 3, 3, 3, 3, 3, 3, 3, 3, 3, 3, 3, 3, 3, 3, 3, 3, 3, 3, 3, 3, 3, 3, 3, 3, 3, 3, 3, 3, 3, 3, 3, 3, 3, 3, 3, 3, 3, 3, 3, 3, 3, 3, 3, 3, 3, 3, 3, 3, 3, 3, 3, 3, 3, 3, 3, 3, 3, 3, 3, 3, 3, 3, 3, 3, 3, 3, 3, 3, 3, 3, 3, 3, 3, 3, 3, 3, 3, 3, 3, 3, 3, 3, 3, 3, 3, 3, 3, 3, 3, 3, 3, 3, 3, 3, 3, 3, 3, 3, 3, 3, 3, 3, 3, 3, 3, 3, 3, 3, 3, 3, 3, 3, 3, 3, 3, 3, 3, 3, 3, 3, 3, 3, 3, 3, 3, 3, 3, 3, 3, 3, 3, 3, 3, 3, 3, 3, 3, 3, 3, 3, 3, 3, 3, 3, 3, 3, 3, 3, 3, 3, 3, 3, 3, 3, 3, 3, 3, 3, 3, 3, 3, 3, 3, 3, 3, 3, 3, 3, 3, 3, 3, 3, 3, 3, 3, 3, 3, 3, 3, 3, 3, 3, 3, 3, 3, 3, 3, 3, 3, 3, 3]
        int[] faceVertexIndices = [0, 1, 6, 1, 7, 6, 1, 2, 7, 2, 8, 7, 2, 3, 8, 3, 9, 8, 3, 4, 9, 4, 10, 9, 4, 5, 10, 5, 11, 10, 6, 7, 12, 7, 13, 12, 7, 8, 13, 8, 14, 13, 8, 9, 14, 9, 15, 14, 9, 10, 15, 10, 16, 15, 10, 11, 16, 11, 17, 16, 12, 13, 18, 13, 19, 18, 13, 14, 19, 14, 20, 19, 14, 15, 20, 15, 21, 20, 15, 16, 21, 16, 22, 21, 16, 17, 22, 17, 23, 22, 18, 19, 24, 19, 25, 24, 19, 20, 25, 20, 26, 25, 20, 21, 26, 21, 27, 26, 21, 22, 27, 22, 28, 27, 22, 23, 28, 23, 29, 28, 24, 25, 30, 25, 31, 30, 25, 26, 31, 26, 32, 31, 26, 27, 32, 27, 33, 32, 27, 28, 33, 28, 34, 33, 28, 29, 34, 29, 35, 34, 30, 31, 36, 31, 37, 36, 31, 32, 37, 32, 38, 37, 32, 33, 38, 33, 39, 38, 33, 34, 39, 34, 40, 39, 34, 35, 40, 35, 41, 40, 36, 37, 42, 37, 43, 42, 37, 38, 43, 38, 44, 43, 38, 39, 44, 39, 45, 44, 39, 40, 45, 40, 46, 45, 40, 41, 46, 41, 47, 46, 42, 43, 48, 43, 49, 48, 43, 44, 49, 44, 50, 49, 44, 45, 50, 45, 51, 50, 45, 46, 51, 46, 52, 51, 46, 47, 52, 47, 53, 52, 48, 49, 54, 49, 55, 54, 49, 50, 55, 50, 56, 55, 50, 51, 56, 51, 57, 56, 51, 52, 57, 52, 58, 57, 52, 53, 58, 53, 59, 58, 54, 55, 60, 55, 61, 60, 55, 56, 61, 56, 62, 61, 56, 57, 62, 57, 63, 62, 57, 58, 63, 58, 64, 63, 58, 59, 64, 59, 65, 64, 60, 61, 66, 61, 67, 66, 61, 62, 67, 62, 68, 67, 62, 63, 68, 63, 69, 68, 63, 64, 69, 64, 70, 69, 64, 65, 70, 65, 71, 70, 66, 67, 72, 67, 73, 72, 67, 68, 73, 68, 74, 73, 68, 69, 74, 69, 75, 74, 69, 70, 75, 70, 76, 75, 70, 71, 76, 71, 77, 76, 72, 73, 78, 73, 79, 78, 73, 74, 79, 74, 80, 79, 74, 75, 80, 75, 81, 80, 75, 76, 81, 76, 82, 81, 76, 77, 82, 77, 83, 82, 78, 79, 84, 79, 85, 84, 79, 80, 85, 80, 86, 85, 80, 81, 86, 81, 87, 86, 81, 82, 87, 82, 88, 87, 82, 83, 88, 83, 89, 88, 84, 85, 90, 85, 91, 90, 85, 86, 91, 86, 92, 91, 86, 87, 92, 87, 93, 92, 87, 88, 93, 88, 94, 93, 88, 89, 94, 89, 95, 94, 90, 91, 96, 91, 97, 96, 91, 92, 97, 92, 98, 97, 92, 93, 98, 93, 99, 98, 93, 94, 99, 94, 100, 99, 94, 95, 100, 95, 101, 100, 96, 97, 102, 97, 103, 102, 97, 98, 103, 98, 104, 103, 98, 99, 104, 99, 105, 104, 99, 100, 105, 100, 106, 105, 100, 101, 106, 101, 107, 106, 102, 103, 108, 103, 109, 108, 103, 104, 109, 104, 110, 109, 104, 105, 110, 105, 111, 110, 105, 106, 111, 106, 112, 111, 106, 107, 112, 107, 113, 112, 108, 109, 114, 109, 115, 114, 109, 110, 115, 110, 116, 115, 110, 111, 116, 111, 117, 116, 111, 112, 117, 112, 118, 117, 112, 113, 118, 113, 119, 118, 114, 115, 120, 115, 121, 120, 115, 116, 121, 116, 122, 121, 116, 117, 122, 117, 123, 122, 117, 118, 123, 118, 124, 123, 118, 119, 124, 119, 125, 124, 120, 121, 126, 121, 127, 126, 121, 122, 127, 122, 128, 127, 122, 123, 128, 123, 129, 128, 123, 124, 129, 124, 130, 129, 124, 125, 130, 125, 131, 130, 126, 127, 132, 127, 133, 132, 127, 128, 133, 128, 134, 133, 128, 129, 134, 129, 135, 134, 129, 130, 135, 130, 136, 135, 130, 131, 136, 131, 137, 136, 132, 133, 138, 133, 139, 138, 133, 134, 139, 134, 140, 139, 134, 135, 140, 135, 141, 140, 135, 136, 141, 136, 142, 141, 136, 137, 142, 137, 143, 142, 138, 139, 144, 139, 145, 144, 139, 140, 145, 140, 146, 145, 140, 141, 146, 141, 147, 146, 141, 142, 147, 142, 148, 147, 142, 143, 148, 143, 149, 148, 144, 145, 150, 145, 151, 150, 145, 146, 151, 146, 152, 151, 146, 147, 152, 147, 153, 152, 147, 148, 153, 148, 154, 153, 148, 149, 154, 149, 155, 154, 150, 151, 156, 151, 157, 156, 151, 152, 157, 152, 158, 157, 152, 153, 158, 153, 159, 158, 153, 154, 159, 154, 160, 159, 154, 155, 160, 155, 161, 160, 156, 157, 162, 157, 163, 162, 157, 158, 163, 158, 164, 163, 158, 159, 164, 159, 165, 164, 159, 160, 165, 160, 166, 165, 160, 161, 166, 161, 167, 166, 162, 163, 168, 163, 169, 168, 163, 164, 169, 164, 170, 169, 164, 165, 170, 165, 171, 170, 165, 166, 171, 166, 172, 171, 166, 167, 172, 167, 173, 172, 168, 169, 174, 169, 175, 174, 169, 170, 175, 170, 176, 175, 170, 171, 176, 171, 177, 176, 171, 172, 177, 172, 178, 177, 172, 173, 178, 173, 179, 178, 174, 175, 180, 175, 181, 180, 175, 176, 181, 176, 182, 181, 176, 177, 182, 177, 183, 182, 177, 178, 183, 178, 184, 183, 178, 179, 184, 179, 185, 184, 180, 181, 186, 181, 187, 186, 181, 182, 187, 182, 188, 187, 182, 183, 188, 183, 189, 188, 183, 184, 189, 184, 190, 189, 184, 185, 190, 185, 191, 190, 186, 187, 192, 187, 193, 192, 187, 188, 193, 188, 194, 193, 188, 189, 194, 189, 195, 194, 189, 190, 195, 190, 196, 195, 190, 191, 196, 191, 197, 196, 192, 193, 198, 193, 199, 198, 193, 194, 199, 194, 200, 199, 194, 195, 200, 195, 201, 200, 195, 196, 201, 196, 202, 201, 196, 197, 202, 197, 203, 202, 198, 199, 204, 199, 205, 204, 199, 200, 205, 200, 206, 205, 200, 201, 206, 201, 207, 206, 201, 202, 207, 202, 208, 207, 202, 203, 208, 203, 209, 208, 204, 205, 210, 205, 211, 210, 205, 206, 211, 206, 212, 211, 206, 207, 212, 207, 213, 212, 207, 208, 213, 208, 214, 213, 208, 209, 214, 209, 215, 214, 210, 211, 216, 211, 217, 216, 211, 212, 217, 212, 218, 217, 212, 213, 218, 213, 219, 218, 213, 214, 219, 214, 220, 219, 214, 215, 220, 215, 221, 220, 216, 217, 222, 217, 223, 222, 217, 218, 223, 218, 224, 223, 218, 219, 224, 219, 225, 224, 219, 220, 225, 220, 226, 225, 220, 221, 226, 221, 227, 226, 222, 223, 228, 223, 229, 228, 223, 224, 229, 224, 230, 229, 224, 225, 230, 225, 231, 230, 225, 226, 231, 226, 232, 231, 226, 227, 232, 227, 233, 232, 228, 229, 234, 229, 235, 234, 229, 230, 235, 230, 236, 235, 230, 231, 236, 231, 237, 236, 231, 232, 237, 232, 238, 237, 232, 233, 238, 233, 239, 238, 234, 235, 240, 235, 241, 240, 235, 236, 241, 236, 242, 241, 236, 237, 242, 237, 243, 242, 237, 238, 243, 238, 244, 243, 238, 239, 244, 239, 245, 244, 240, 241, 246, 241, 247, 246, 241, 242, 247, 242, 248, 247, 242, 243, 248, 243, 249, 248, 243, 244, 249, 244, 250, 249, 244, 245, 250, 245, 251, 250, 246, 247, 252, 247, 253, 252, 247, 248, 253, 248, 254, 253, 248, 249, 254, 249, 255, 254, 249, 250, 255, 250, 256, 255, 250, 251, 256, 251, 257, 256, 252, 253, 258, 253, 259, 258, 253, 254, 259, 254, 260, 259, 254, 255, 260, 255, 261, 260, 255, 256, 261, 256, 262, 261, 256, 257, 262, 257, 263, 262, 258, 259, 264, 259, 265, 264, 259, 260, 265, 260, 266, 265, 260, 261, 266, 261, 267, 266, 261, 262, 267, 262, 268, 267, 262, 263, 268, 263, 269, 268, 264, 265, 270, 265, 271, 270, 265, 266, 271, 266, 272, 271, 266, 267, 272, 267, 273, 272, 267, 268, 273, 268, 274, 273, 268, 269, 274, 269, 275, 274, 270, 271, 276, 271, 277, 276, 271, 272, 277, 272, 278, 277, 272, 273, 278, 273, 279, 278, 273, 274, 279, 274, 280, 279, 274, 275, 280, 275, 281, 280, 276, 277, 282, 277, 283, 282, 277, 278, 283, 278, 284, 283, 278, 279, 284, 279, 285, 284, 279, 280, 285, 280, 286, 285, 280, 281, 286, 281, 287, 286, 282, 283, 0, 283, 1, 0, 283, 284, 1, 284, 2, 1, 284, 285, 2, 285, 3, 2, 285, 286, 3, 286, 4, 3, 286, 287, 4, 287, 5, 4]
        rel material:binding = </Cappuccino/Material_1>
        normal3f[] normals = [(0, -1, 0), (0.638748, -0.76941603, 8.391834e-9), (0.79397416, 0.6079515, 6.467512e-9), (-0.34738836, 0.9377214, -1.5907867e-9), (-0.3735264, 0.9276196, -3.31187e-9), (0, 1, 0), (0, -1, 0), (0.6332832, -0.76941615, 0.08337345), (0.7871816, 0.6079515, 0.1036343), (-0.3444164, 0.9377214, -0.045343205), (-0.37033087, 0.9276195, -0.04875487), (0, 1, 0), (0, -1, 0), (0.61698306, -0.76941615, 0.16532008), (0.7669202, 0.6079514, 0.20549566), (-0.33555132, 0.9377214, -0.08991068), (-0.3607989, 0.9276195, -0.09667572), (0, 1, 0), (0, -1, 0), (0.5901261, -0.76941615, 0.24443811), (0.7335364, 0.6079515, 0.3038408), (-0.320945, 0.9377214, -0.13293982), (-0.34509343, 0.9276195, -0.14294246), (0, 1, 0), (0, -1, 0), (0.55317193, -0.7694161, 0.3193739), (0.6876018, 0.6079514, 0.3969872), (-0.30084717, 0.9377214, -0.17369416), (-0.32348332, 0.9276196, -0.1867632), (0, 1, 0), (0, -1, 0), (0.5067527, -0.76941615, 0.38884506), (0.629902, 0.6079516, 0.48334083), (-0.27560163, 0.9377214, -0.2114766), (-0.29633847, 0.9276195, -0.22738855), (0, 1, 0), (0, -1, 0), (0.45166296, -0.7694161, 0.45166296), (0.56142455, 0.6079514, 0.56142455), (-0.24564071, 0.9377213, -0.24564071), (-0.26412302, 0.9276196, -0.26412302), (0, 1, 0), (0, -1, 0), (0.38884506, -0.76941615, 0.5067527), (0.48334083, 0.6079516, 0.629902), (-0.21147661, 0.9377214, -0.27560163), (-0.22738855, 0.9276195, -0.29633847), (0, 1, 0), (0, -1, 0), (0.31937394, -0.7694161, 0.55317193), (0.3969872, 0.6079514, 0.6876018), (-0.17369415, 0.9377214, -0.30084717), (-0.18676318, 0.9276196, -0.32348332), (0, 1, 0), (0, -1, 0), (0.24443811, -0.76941615, 0.5901261), (0.3038408, 0.6079515, 0.7335364), (-0.13293982, 0.9377214, -0.32094496), (-0.14294247, 0.9276195, -0.34509343), (0, 1, 0), (0, -1, 0), (0.1653201, -0.76941615, 0.61698306), (0.20549566, 0.6079514, 0.7669202), (-0.08991068, 0.9377214, -0.33555132), (-0.09667571, 0.9276195, -0.36079887), (0, 1, 0), (0, -1, 0), (0.08337346, -0.76941615, 0.6332832), (0.1036343, 0.6079515, 0.7871816), (-0.04534321, 0.9377214, -0.34441644), (-0.048754875, 0.9276195, -0.37033087), (0, 1, 0), (0, -1, 0), (-8.391834e-9, -0.76941603, 0.638748), (-6.467512e-9, 0.6079515, 0.79397416), (1.5907867e-9, 0.9377214, -0.34738836), (3.31187e-9, 0.9276196, -0.3735264), (0, 1, 0), (0, -1, 0), (-0.08337345, -0.76941615, 0.6332832), (-0.1036343, 0.6079515, 0.7871816), (0.045343205, 0.9377214, -0.3444164), (0.04875487, 0.9276195, -0.37033087), (0, 1, 0), (0, -1, 0), (-0.16532008, -0.76941615, 0.61698306), (-0.20549566, 0.6079514, 0.7669202), (0.08991068, 0.9377214, -0.33555132), (0.09667572, 0.9276195, -0.3607989), (0, 1, 0), (0, -1, 0), (-0.24443811, -0.76941615, 0.5901261), (-0.3038408, 0.6079515, 0.7335364), (0.13293982, 0.9377214, -0.320945), (0.14294246, 0.9276195, -0.34509343), (0, 1, 0), (0, -1, 0), (-0.3193739, -0.7694161, 0.55317193), (-0.3969872, 0.6079514, 0.6876018), (0.17369416, 0.9377214, -0.30084717), (0.1867632, 0.9276196, -0.32348332), (0, 1, 0), (0, -1, 0), (-0.38884506, -0.76941615, 0.5067527), (-0.48334083, 0.6079516, 0.629902), (0.2114766, 0.9377214, -0.27560163), (0.22738855, 0.9276195, -0.29633847), (0, 1, 0), (0, -1, 0), (-0.45166296, -0.7694161, 0.45166296), (-0.56142455, 0.6079514, 0.56142455), (0.24564071, 0.9377213, -0.24564071), (0.26412302, 0.9276196, -0.26412302), (0, 1, 0), (0, -1, 0), (-0.5067527, -0.76941615, 0.38884506), (-0.629902, 0.6079516, 0.48334083), (0.27560163, 0.9377214, -0.21147661), (0.29633847, 0.9276195, -0.22738855), (0, 1, 0), (0, -1, 0), (-0.55317193, -0.7694161, 0.31937394), (-0.6876018, 0.6079514, 0.3969872), (0.30084717, 0.9377214, -0.17369415), (0.32348332, 0.9276196, -0.18676318), (0, 1, 0), (0, -1, 0), (-0.5901261, -0.76941615, 0.24443811), (-0.7335364, 0.6079515, 0.3038408), (0.32094496, 0.9377214, -0.13293982), (0.34509343, 0.9276195, -0.14294247), (0, 1, 0), (0, -1, 0), (-0.61698306, -0.76941615, 0.1653201), (-0.7669202, 0.6079514, 0.20549566), (0.33555132, 0.9377214, -0.08991068), (0.36079887, 0.9276195, -0.09667571), (0, 1, 0), (0, -1, 0), (-0.6332832, -0.76941615, 0.08337346), (-0.7871816, 0.6079515, 0.1036343), (0.34441644, 0.9377214, -0.04534321), (0.37033087, 0.9276195, -0.048754875), (0, 1, 0), (0, -1, 0), (-0.638748, -0.76941603, -8.391834e-9), (-0.79397416, 0.6079515, -6.467512e-9), (0.34738836, 0.9377214, 1.5907867e-9), (0.3735264, 0.9276196, 3.31187e-9), (0, 1, 0), (0, -1, 0), (-0.6332832, -0.76941615, -0.08337345), (-0.7871816, 0.6079515, -0.1036343), (0.3444164, 0.9377214, 0.045343205), (0.37033087, 0.9276195, 0.04875487), (0, 1, 0), (0, -1, 0), (-0.61698306, -0.76941615, -0.16532008), (-0.7669202, 0.6079514, -0.20549566), (0.33555132, 0.9377214, 0.08991068), (0.3607989, 0.9276195, 0.09667572), (0, 1, 0), (0, -1, 0), (-0.5901261, -0.76941615, -0.24443811), (-0.7335364, 0.6079515, -0.3038408), (0.320945, 0.9377214, 0.13293982), (0.34509343, 0.9276195, 0.14294246), (0, 1, 0), (0, -1, 0), (-0.55317193, -0.7694161, -0.3193739), (-0.6876018, 0.6079514, -0.3969872), (0.30084717, 0.9377214, 0.17369416), (0.32348332, 0.9276196, 0.1867632), (0, 1, 0), (0, -1, 0), (-0.5067527, -0.76941615, -0.38884506), (-0.629902, 0.6079516, -0.48334083), (0.27560163, 0.9377214, 0.2114766), (0.29633847, 0.9276195, 0.22738855), (0, 1, 0), (0, -1, 0), (-0.45166296, -0.7694161, -0.45166296), (-0.56142455, 0.6079514, -0.56142455), (0.24564071, 0.9377213, 0.24564071), (0.26412302, 0.9276196, 0.26412302), (0, 1, 0), (0, -1, 0), (-0.38884506, -0.76941615, -0.5067527), (-0.48334083, 0.6079516, -0.629902), (0.21147661, 0.9377214, 0.27560163), (0.22738855, 0.9276195, 0.29633847), (0, 1, 0), (0, -1, 0), (-0.31937394, -0.7694161, -0.55317193), (-0.3969872, 0.6079514, -0.6876018), (0.17369415, 0.9377214, 0.30084717), (0.18676318, 0.9276196, 0.32348332), (0, 1, 0), (0, -1, 0), (-0.24443811, -0.76941615, -0.5901261), (-0.3038408, 0.6079515, -0.7335364), (0.13293982, 0.9377214, 0.32094496), (0.14294247, 0.9276195, 0.34509343), (0, 1, 0), (0, -1, 0), (-0.1653201, -0.76941615, -0.61698306), (-0.20549566, 0.6079514, -0.7669202), (0.08991068, 0.9377214, 0.33555132), (0.09667571, 0.9276195, 0.36079887), (0, 1, 0), (0, -1, 0), (-0.08337346, -0.76941615, -0.6332832), (-0.1036343, 0.6079515, -0.7871816), (0.04534321, 0.9377214, 0.34441644), (0.048754875, 0.9276195, 0.37033087), (0, 1, 0), (0, -1, 0), (8.391834e-9, -0.76941603, -0.638748), (6.467512e-9, 0.6079515, -0.79397416), (-1.5907867e-9, 0.9377214, 0.34738836), (-3.31187e-9, 0.9276196, 0.3735264), (0, 1, 0), (0, -1, 0), (0.08337345, -0.76941615, -0.6332832), (0.1036343, 0.6079515, -0.7871816), (-0.045343205, 0.9377214, 0.3444164), (-0.04875487, 0.9276195, 0.37033087), (0, 1, 0), (0, -1, 0), (0.16532008, -0.76941615, -0.61698306), (0.20549566, 0.6079514, -0.7669202), (-0.08991068, 0.9377214, 0.33555132), (-0.09667572, 0.9276195, 0.3607989), (0, 1, 0), (0, -1, 0), (0.24443811, -0.76941615, -0.5901261), (0.3038408, 0.6079515, -0.7335364), (-0.13293982, 0.9377214, 0.320945), (-0.14294246, 0.9276195, 0.34509343), (0, 1, 0), (0, -1, 0), (0.3193739, -0.7694161, -0.55317193), (0.3969872, 0.6079514, -0.6876018), (-0.17369416, 0.9377214, 0.30084717), (-0.1867632, 0.9276196, 0.32348332), (0, 1, 0), (0, -1, 0), (0.38884506, -0.76941615, -0.5067527), (0.48334083, 0.6079516, -0.629902), (-0.2114766, 0.9377214, 0.27560163), (-0.22738855, 0.9276195, 0.29633847), (0, 1, 0), (0, -1, 0), (0.45166296, -0.7694161, -0.45166296), (0.56142455, 0.6079514, -0.56142455), (-0.24564071, 0.9377213, 0.24564071), (-0.26412302, 0.9276196, 0.26412302), (0, 1, 0), (0, -1, 0), (0.5067527, -0.76941615, -0.38884506), (0.629902, 0.6079516, -0.48334083), (-0.27560163, 0.9377214, 0.21147661), (-0.29633847, 0.9276195, 0.22738855), (0, 1, 0), (0, -1, 0), (0.55317193, -0.7694161, -0.31937394), (0.6876018, 0.6079514, -0.3969872), (-0.30084717, 0.9377214, 0.17369415), (-0.32348332, 0.9276196, 0.18676318), (0, 1, 0), (0, -1, 0), (0.5901261, -0.76941615, -0.24443811), (0.7335364, 0.6079515, -0.3038408), (-0.32094496, 0.9377214, 0.13293982), (-0.34509343, 0.9276195, 0.14294247), (0, 1, 0), (0, -1, 0), (0.61698306, -0.76941615, -0.1653201), (0.7669202, 0.6079514, -0.20549566), (-0.33555132, 0.9377214, 0.08991068), (-0.36079887, 0.9276195, 0.09667571), (0, 1, 0), (0, -1, 0), (0.6332832, -0.76941615, -0.08337346), (0.7871816, 0.6079515, -0.1036343), (-0.34441644, 0.9377214, 0.04534321), (-0.37033087, 0.9276195, 0.048754875), (0, 1, 0)] (
            interpolation = "vertex"
        )
        point3f[] points = [(0.001, 0.004, 0), (0.028, 0.004, 0), (0.044, 0.074, 0), (0.04, 0.074, 0), (0.0224, 0.058, 0), (0.001, 0.058, 0), (0.0009914449, 0.004, 0.0001305262), (0.027760455, 0.004, 0.0036547333), (0.043623574, 0.074, 0.0057431525), (0.039657794, 0.074, 0.005221048), (0.022208365, 0.058, 0.0029237866), (0.0009914449, 0.058, 0.0001305262), (0.0009659258, 0.004, 0.00025881905), (0.027045922, 0.004, 0.0072469334), (0.042500738, 0.074, 0.011388038), (0.038637035, 0.074, 0.0103527615), (0.02163674, 0.058, 0.005797547), (0.0009659258, 0.058, 0.00025881905), (0.00092387956, 0.004, 0.00038268344), (0.025868626, 0.004, 0.010715136), (0.0406507, 0.074, 0.016838072), (0.03695518, 0.074, 0.015307337), (0.020694902, 0.058, 0.008572109), (0.00092387956, 0.058, 0.00038268344), (0.0008660254, 0.004, 0.0005), (0.024248712, 0.004, 0.014), (0.03810512, 0.074, 0.022), (0.034641016, 0.074, 0.02), (0.019398969, 0.058, 0.0112), (0.0008660254, 0.058, 0.0005), (0.00079335336, 0.004, 0.00060876145), (0.022213893, 0.004, 0.017045321), (0.034907546, 0.074, 0.026785502), (0.031734135, 0.074, 0.024350457), (0.017771116, 0.058, 0.013636256), (0.00079335336, 0.058, 0.00060876145), (0.0007071068, 0.004, 0.0007071068), (0.01979899, 0.004, 0.01979899), (0.031112699, 0.074, 0.031112699), (0.02828427, 0.074, 0.02828427), (0.015839191, 0.058, 0.015839191), (0.0007071068, 0.058, 0.0007071068), (0.00060876145, 0.004, 0.00079335336), (0.017045321, 0.004, 0.022213893), (0.026785502, 0.074, 0.034907546), (0.024350457, 0.074, 0.031734135), (0.013636256, 0.058, 0.017771116), (0.00060876145, 0.058, 0.00079335336), (0.0005, 0.004, 0.0008660254), (0.014, 0.004, 0.024248712), (0.022, 0.074, 0.03810512), (0.02, 0.074, 0.034641016), (0.0112, 0.058, 0.019398969), (0.0005, 0.058, 0.0008660254), (0.00038268344, 0.004, 0.00092387956), (0.010715136, 0.004, 0.025868626), (0.016838072, 0.074, 0.0406507), (0.015307337, 0.074, 0.03695518), (0.008572109, 0.058, 0.020694902), (0.00038268344, 0.058, 0.00092387956), (0.00025881905, 0.004, 0.0009659258), (0.0072469334, 0.004, 0.027045922), (0.011388038, 0.074, 0.042500738), (0.0103527615, 0.074, 0.038637035), (0.005797547, 0.058, 0.02163674), (0.00025881905, 0.058, 0.0009659258), (0.0001305262, 0.004, 0.0009914449), (0.0036547333, 0.004, 0.027760455), (0.0057431525, 0.074, 0.043623574), (0.005221048, 0.074, 0.039657794), (0.0029237866, 0.058, 0.022208365), (0.0001305262, 0.058, 0.0009914449), (6.123234e-20, 0.004, 0.001), (1.7145055e-18, 0.004, 0.028), (2.694223e-18, 0.074, 0.044), (2.4492936e-18, 0.074, 0.04), (1.3716044e-18, 0.058, 0.0224), (6.123234e-20, 0.058, 0.001), (-0.0001305262, 0.004, 0.0009914449), (-0.0036547333, 0.004, 0.027760455), (-0.0057431525, 0.074, 0.043623574), (-0.005221048, 0.074, 0.039657794), (-0.0029237866, 0.058, 0.022208365), (-0.0001305262, 0.058, 0.0009914449), (-0.00025881905, 0.004, 0.0009659258), (-0.0072469334, 0.004, 0.027045922), (-0.011388038, 0.074, 0.042500738), (-0.0103527615, 0.074, 0.038637035), (-0.005797547, 0.058, 0.02163674), (-0.00025881905, 0.058, 0.0009659258), (-0.00038268344, 0.004, 0.00092387956), (-0.010715136, 0.004, 0.025868626), (-0.016838072, 0.074, 0.0406507), (-0.015307337, 0.074, 0.03695518), (-0.008572109, 0.058, 0.020694902), (-0.00038268344, 0.058, 0.00092387956), (-0.0005, 0.004, 0.0008660254), (-0.014, 0.004, 0.024248712), (-0.022, 0.074, 0.03810512), (-0.02, 0.074, 0.034641016), (-0.0112, 0.058, 0.019398969), (-0.0005, 0.058, 0.0008660254), (-0.00060876145, 0.004, 0.00079335336), (-0.017045321, 0.004, 0.022213893), (-0.026785502, 0.074, 0.034907546), (-0.024350457, 0.074, 0.031734135), (-0.013636256, 0.058, 0.017771116), (-0.00060876145, 0.058, 0.00079335336), (-0.0007071068, 0.004, 0.0007071068), (-0.01979899, 0.004, 0.01979899), (-0.031112699, 0.074, 0.031112699), (-0.02828427, 0.074, 0.02828427), (-0.015839191, 0.058, 0.015839191), (-0.0007071068, 0.058, 0.0007071068), (-0.00079335336, 0.004, 0.00060876145), (-0.022213893, 0.004, 0.017045321), (-0.034907546, 0.074, 0.026785502), (-0.031734135, 0.074, 0.024350457), (-0.017771116, 0.058, 0.013636256), (-0.00079335336, 0.058, 0.00060876145), (-0.0008660254, 0.004, 0.0005), (-0.024248712, 0.004, 0.014), (-0.03810512, 0.074, 0.022), (-0.034641016, 0.074, 0.02), (-0.019398969, 0.058, 0.0112), (-0.0008660254, 0.058, 0.0005), (-0.00092387956, 0.004, 0.00038268344), (-0.025868626, 0.004, 0.010715136), (-0.0406507, 0.074, 0.016838072), (-0.03695518, 0.074, 0.015307337), (-0.020694902, 0.058, 0.008572109), (-0.00092387956, 0.058, 0.00038268344), (-0.0009659258, 0.004, 0.00025881905), (-0.027045922, 0.004, 0.0072469334), (-0.042500738, 0.074, 0.011388038), (-0.038637035, 0.074, 0.0103527615), (-0.02163674, 0.058, 0.005797547), (-0.0009659258, 0.058, 0.00025881905), (-0.0009914449, 0.004, 0.0001305262), (-0.027760455, 0.004, 0.0036547333), (-0.043623574, 0.074, 0.0057431525), (-0.039657794, 0.074, 0.005221048), (-0.022208365, 0.058, 0.0029237866), (-0.0009914449, 0.058, 0.0001305262), (-0.001, 0.004, 1.2246468e-19), (-0.028, 0.004, 3.429011e-18), (-0.044, 0.074, 5.388446e-18), (-0.04, 0.074, 4.898587e-18), (-0.0224, 0.058, 2.7432088e-18), (-0.001, 0.058, 1.2246468e-19), (-0.0009914449, 0.004, -0.0001305262), (-0.027760455, 0.004, -0.0036547333), (-0.043623574, 0.074, -0.0057431525), (-0.039657794, 0.074, -0.005221048), (-0.022208365, 0.058, -0.0029237866), (-0.0009914449, 0.058, -0.0001305262), (-0.0009659258, 0.004, -0.00025881905), (-0.027045922, 0.004, -0.0072469334), (-0.042500738, 0.074, -0.011388038), (-0.038637035, 0.074, -0.0103527615), (-0.02163674, 0.058, -0.005797547), (-0.0009659258, 0.058, -0.00025881905), (-0.00092387956, 0.004, -0.00038268344), (-0.025868626, 0.004, -0.010715136), (-0.0406507, 0.074, -0.016838072), (-0.03695518, 0.074, -0.015307337), (-0.020694902, 0.058, -0.008572109), (-0.00092387956, 0.058, -0.00038268344), (-0.0008660254, 0.004, -0.0005), (-0.024248712, 0.004, -0.014), (-0.03810512, 0.074, -0.022), (-0.034641016, 0.074, -0.02), (-0.019398969, 0.058, -0.0112), (-0.0008660254, 0.058, -0.0005), (-0.00079335336, 0.004, -0.00060876145), (-0.022213893, 0.004, -0.017045321), (-0.034907546, 0.074, -0.026785502), (-0.031734135, 0.074, -0.024350457), (-0.017771116, 0.058, -0.013636256), (-0.00079335336, 0.058, -0.00060876145), (-0.0007071068, 0.004, -0.0007071068), (-0.01979899, 0.004, -0.01979899), (-0.031112699, 0.074, -0.031112699), (-0.02828427, 0.074, -0.02828427), (-0.015839191, 0.058, -0.015839191), (-0.0007071068, 0.058, -0.0007071068), (-0.00060876145, 0.004, -0.00079335336), (-0.017045321, 0.004, -0.022213893), (-0.026785502, 0.074, -0.034907546), (-0.024350457, 0.074, -0.031734135), (-0.013636256, 0.058, -0.017771116), (-0.00060876145, 0.058, -0.00079335336), (-0.0005, 0.004, -0.0008660254), (-0.014, 0.004, -0.024248712), (-0.022, 0.074, -0.03810512), (-0.02, 0.074, -0.034641016), (-0.0112, 0.058, -0.019398969), (-0.0005, 0.058, -0.0008660254), (-0.00038268344, 0.004, -0.00092387956), (-0.010715136, 0.004, -0.025868626), (-0.016838072, 0.074, -0.0406507), (-0.015307337, 0.074, -0.03695518), (-0.008572109, 0.058, -0.020694902), (-0.00038268344, 0.058, -0.00092387956), (-0.00025881905, 0.004, -0.0009659258), (-0.0072469334, 0.004, -0.027045922), (-0.011388038, 0.074, -0.042500738), (-0.0103527615, 0.074, -0.038637035), (-0.005797547, 0.058, -0.02163674), (-0.00025881905, 0.058, -0.0009659258), (-0.0001305262, 0.004, -0.0009914449), (-0.0036547333, 0.004, -0.027760455), (-0.0057431525, 0.074, -0.043623574), (-0.005221048, 0.074, -0.039657794), (-0.0029237866, 0.058, -0.022208365), (-0.0001305262, 0.058, -0.0009914449), (-1.8369701e-19, 0.004, -0.001), (-5.1435166e-18, 0.004, -0.028), (-8.082669e-18, 0.074, -0.044), (-7.347881e-18, 0.074, -0.04), (-4.1148133e-18, 0.058, -0.0224), (-1.8369701e-19, 0.058, -0.001), (0.0001305262, 0.004, -0.0009914449), (0.0036547333, 0.004, -0.027760455), (0.0057431525, 0.074, -0.043623574), (0.005221048, 0.074, -0.039657794), (0.0029237866, 0.058, -0.022208365), (0.0001305262, 0.058, -0.0009914449), (0.00025881905, 0.004, -0.0009659258), (0.0072469334, 0.004, -0.027045922), (0.011388038, 0.074, -0.042500738), (0.0103527615, 0.074, -0.038637035), (0.005797547, 0.058, -0.02163674), (0.00025881905, 0.058, -0.0009659258), (0.00038268344, 0.004, -0.00092387956), (0.010715136, 0.004, -0.025868626), (0.016838072, 0.074, -0.0406507), (0.015307337, 0.074, -0.03695518), (0.008572109, 0.058, -0.020694902), (0.00038268344, 0.058, -0.00092387956), (0.0005, 0.004, -0.0008660254), (0.014, 0.004, -0.024248712), (0.022, 0.074, -0.03810512), (0.02, 0.074, -0.034641016), (0.0112, 0.058, -0.019398969), (0.0005, 0.058, -0.0008660254), (0.00060876145, 0.004, -0.00079335336), (0.017045321, 0.004, -0.022213893), (0.026785502, 0.074, -0.034907546), (0.024350457, 0.074, -0.031734135), (0.013636256, 0.058, -0.017771116), (0.00060876145, 0.058, -0.00079335336), (0.0007071068, 0.004, -0.0007071068), (0.01979899, 0.004, -0.01979899), (0.031112699, 0.074, -0.031112699), (0.02828427, 0.074, -0.02828427), (0.015839191, 0.058, -0.015839191), (0.0007071068, 0.058, -0.0007071068), (0.00079335336, 0.004, -0.00060876145), (0.022213893, 0.004, -0.017045321), (0.034907546, 0.074, -0.026785502), (0.031734135, 0.074, -0.024350457), (0.017771116, 0.058, -0.013636256), (0.00079335336, 0.058, -0.00060876145), (0.0008660254, 0.004, -0.0005), (0.024248712, 0.004, -0.014), (0.03810512, 0.074, -0.022), (0.034641016, 0.074, -0.02), (0.019398969, 0.058, -0.0112), (0.0008660254, 0.058, -0.0005), (0.00092387956, 0.004, -0.00038268344), (0.025868626, 0.004, -0.010715136), (0.0406507, 0.074, -0.016838072), (0.03695518, 0.074, -0.015307337), (0.020694902, 0.058, -0.008572109), (0.00092387956, 0.058, -0.00038268344), (0.0009659258, 0.004, -0.00025881905), (0.027045922, 0.004, -0.0072469334), (0.042500738, 0.074, -0.011388038), (0.038637035, 0.074, -0.0103527615), (0.02163674, 0.058, -0.005797547), (0.0009659258, 0.058, -0.00025881905), (0.0009914449, 0.004, -0.0001305262), (0.027760455, 0.004, -0.0036547333), (0.043623574, 0.074, -0.0057431525), (0.039657794, 0.074, -0.005221048), (0.022208365, 0.058, -0.0029237866), (0.0009914449, 0.058, -0.0001305262)]
    }

    def Material "Material_1"
    {
        token outputs:surface.connect = </Cappuccino/Material_1/PBRShader.outputs:surface>

        def Shader "PBRShader"
        {
            uniform token info:id = "UsdPreviewSurface"
            color3f inputs:diffuseColor = (0.9607843, 0.9607843, 0.972549)
            float inputs:metallic = 0
            float inputs:roughness = 0.3
            token outputs:surface
        }
    }

    def Mesh "Mesh_2"
    {
        int[] faceVertexCounts = [3, 3, 3, 3, 3, 3, 3, 3, 3, 3, 3, 3, 3, 3, 3, 3, 3, 3, 3, 3, 3, 3, 3, 3, 3, 3, 3, 3, 3, 3, 3, 3, 3, 3, 3, 3, 3, 3, 3, 3, 3, 3, 3, 3, 3, 3, 3, 3, 3, 3, 3, 3, 3, 3, 3, 3, 3, 3, 3, 3, 3, 3, 3, 3, 3, 3, 3, 3, 3, 3, 3, 3, 3, 3, 3, 3, 3, 3, 3, 3, 3, 3, 3, 3, 3, 3, 3, 3, 3, 3, 3, 3, 3, 3, 3, 3, 3, 3, 3, 3, 3, 3, 3, 3, 3, 3, 3, 3, 3, 3, 3, 3, 3, 3, 3, 3, 3, 3, 3, 3, 3, 3, 3, 3, 3, 3, 3, 3, 3, 3, 3, 3, 3, 3, 3, 3, 3, 3, 3, 3, 3, 3, 3, 3, 3, 3, 3, 3, 3, 3, 3, 3, 3, 3, 3, 3, 3, 3, 3, 3, 3, 3, 3, 3, 3, 3, 3, 3, 3, 3, 3, 3, 3, 3, 3, 3, 3, 3, 3, 3, 3, 3, 3, 3, 3, 3, 3, 3, 3, 3, 3, 3, 3, 3, 3, 3, 3, 3, 3, 3, 3, 3, 3, 3, 3, 3, 3, 3, 3, 3, 3, 3, 3, 3, 3, 3, 3, 3, 3, 3, 3, 3, 3, 3, 3, 3, 3, 3, 3, 3, 3, 3, 3, 3, 3, 3, 3, 3, 3, 3, 3, 3, 3, 3, 3, 3, 3, 3, 3, 3, 3, 3, 3, 3, 3, 3, 3, 3, 3, 3, 3, 3, 3, 3, 3, 3, 3, 3, 3, 3, 3, 3, 3, 3, 3, 3, 3, 3, 3, 3, 3, 3, 3, 3, 3, 3, 3, 3, 3, 3, 3, 3, 3, 3, 3, 3, 3, 3, 3, 3, 3, 3, 3, 3, 3, 3, 3, 3, 3, 3, 3, 3, 3, 3, 3, 3, 3, 3, 3, 3, 3, 3, 3, 3, 3, 3, 3, 3, 3, 3, 3, 3, 3, 3, 3, 3, 3, 3, 3, 3, 3, 3, 3, 3, 3, 3, 3, 3, 3, 3, 3, 3, 3, 3, 3, 3, 3, 3, 3, 3, 3, 3, 3, 3, 3, 3, 3, 3, 3, 3, 3, 3, 3, 3, 3, 3, 3, 3, 3, 3, 3, 3, 3, 3, 3, 3, 3, 3, 3, 3, 3, 3, 3, 3, 3, 3, 3, 3, 3, 3, 3, 3, 3, 3, 3, 3, 3, 3, 3, 3, 3, 3, 3, 3, 3, 3, 3, 3, 3, 3, 3, 3, 3, 3, 3, 3, 3, 3, 3, 3, 3, 3, 3, 3, 3, 3, 3, 3, 3, 3, 3, 3, 3, 3, 3, 3, 3, 3, 3, 3, 3, 3, 3, 3, 3, 3, 3, 3, 3, 3, 3, 3, 3, 3, 3, 3, 3, 3, 3, 3, 3, 3, 3, 3, 3, 3, 3, 3, 3, 3, 3, 3, 3, 3, 3, 3, 3, 3, 3, 3, 3, 3, 3, 3, 3, 3, 3, 3, 3, 3, 3, 3, 3, 3, 3, 3, 3, 3, 3, 3, 3, 3, 3, 3, 3, 3, 3, 3, 3, 3, 3, 3, 3, 3, 3, 3, 3, 3, 3, 3, 3, 3, 3, 3, 3, 3, 3, 3, 3, 3, 3, 3, 3, 3, 3, 3, 3, 3, 3, 3, 3, 3, 3, 3, 3, 3, 3, 3, 3, 3, 3, 3, 3, 3, 3, 3, 3, 3, 3, 3, 3, 3, 3, 3, 3, 3, 3, 3, 3, 3, 3, 3, 3, 3, 3, 3, 3, 3, 3, 3, 3, 3, 3, 3, 3, 3, 3, 3, 3, 3, 3, 3, 3, 3, 3, 3, 3, 3, 3, 3, 3, 3, 3, 3, 3, 3, 3, 3, 3, 3, 3, 3, 3, 3, 3, 3, 3, 3, 3, 3, 3, 3, 3, 3, 3, 3, 3, 3, 3, 3, 3, 3, 3, 3, 3, 3, 3, 3, 3, 3, 3, 3, 3, 3, 3, 3, 3, 3, 3, 3, 3, 3, 3, 3, 3, 3, 3, 3, 3, 3, 3, 3, 3, 3, 3, 3, 3, 3, 3, 3, 3, 3, 3, 3, 3, 3, 3, 3, 3, 3, 3, 3, 3, 3, 3, 3, 3, 3, 3, 3, 3, 3, 3, 3, 3, 3, 3, 3, 3, 3, 3, 3, 3, 3, 3, 3, 3, 3, 3, 3, 3, 3, 3, 3, 3, 3, 3, 3, 3, 3, 3, 3, 3, 3, 3, 3, 3, 3, 3, 3, 3, 3, 3, 3, 3, 3, 3, 3, 3, 3, 3, 3, 3, 3, 3, 3, 3, 3, 3, 3, 3, 3, 3, 3, 3, 3, 3, 3, 3, 3, 3, 3, 3, 3, 3, 3, 3, 3, 3, 3, 3, 3, 3, 3, 3, 3, 3, 3, 3, 3, 3, 3, 3, 3, 3, 3, 3, 3, 3, 3, 3, 3, 3, 3, 3, 3, 3, 3, 3, 3, 3, 3, 3, 3, 3, 3, 3, 3, 3, 3, 3, 3, 3, 3, 3, 3, 3, 3, 3, 3, 3, 3, 3, 3, 3, 3, 3, 3, 3, 3, 3, 3, 3, 3, 3, 3, 3, 3, 3, 3, 3, 3, 3, 3, 3, 3, 3, 3, 3, 3, 3, 3, 3, 3, 3, 3, 3, 3, 3, 3, 3, 3, 3, 3, 3, 3, 3, 3, 3, 3, 3, 3, 3, 3, 3, 3, 3, 3, 3, 3, 3, 3, 3, 3, 3, 3, 3, 3, 3, 3, 3, 3, 3, 3, 3, 3, 3, 3, 3, 3, 3, 3, 3, 3, 3, 3, 3, 3, 3, 3, 3, 3, 3, 3, 3, 3, 3, 3, 3, 3, 3, 3, 3, 3, 3, 3, 3, 3, 3, 3, 3, 3, 3, 3, 3, 3, 3, 3, 3, 3, 3, 3, 3, 3, 3, 3, 3, 3, 3, 3, 3, 3, 3, 3, 3, 3, 3, 3, 3, 3, 3, 3, 3, 3, 3, 3, 3, 3, 3, 3, 3, 3, 3, 3, 3, 3, 3, 3, 3, 3, 3, 3, 3, 3, 3, 3, 3, 3, 3, 3, 3, 3, 3, 3, 3, 3, 3, 3, 3, 3, 3, 3, 3, 3, 3, 3, 3, 3, 3, 3, 3, 3, 3, 3, 3, 3, 3, 3, 3, 3, 3, 3, 3, 3, 3, 3, 3, 3, 3, 3, 3, 3, 3, 3, 3, 3, 3, 3, 3, 3, 3, 3, 3, 3, 3, 3, 3, 3, 3, 3, 3, 3, 3, 3, 3, 3, 3, 3, 3, 3, 3, 3, 3, 3, 3, 3, 3, 3, 3, 3, 3, 3, 3, 3, 3, 3, 3, 3, 3, 3, 3, 3, 3, 3, 3, 3, 3, 3, 3, 3, 3, 3, 3, 3, 3, 3, 3, 3, 3, 3, 3, 3, 3, 3, 3, 3, 3, 3, 3, 3, 3, 3, 3, 3, 3, 3, 3, 3, 3, 3, 3, 3, 3, 3, 3, 3, 3, 3, 3, 3, 3, 3, 3, 3, 3, 3, 3, 3, 3, 3, 3, 3, 3, 3, 3, 3, 3, 3, 3, 3, 3, 3, 3, 3, 3, 3, 3, 3, 3, 3, 3, 3, 3, 3, 3, 3, 3, 3, 3, 3, 3, 3, 3, 3, 3, 3, 3, 3, 3, 3, 3, 3, 3, 3, 3, 3, 3, 3, 3, 3, 3, 3, 3, 3, 3, 3, 3, 3, 3, 3, 3, 3, 3, 3, 3, 3, 3, 3, 3, 3, 3, 3, 3, 3, 3, 3, 3, 3, 3, 3, 3, 3, 3, 3, 3, 3, 3, 3, 3, 3, 3, 3, 3, 3, 3, 3, 3, 3, 3, 3, 3, 3, 3, 3, 3, 3, 3, 3, 3, 3, 3, 3, 3, 3, 3, 3, 3, 3, 3, 3, 3, 3, 3, 3, 3, 3, 3, 3, 3, 3, 3, 3, 3, 3, 3, 3, 3, 3, 3, 3, 3, 3, 3, 3, 3, 3, 3, 3, 3, 3, 3, 3, 3, 3, 3, 3, 3, 3, 3, 3, 3, 3, 3, 3, 3, 3, 3, 3, 3, 3, 3, 3, 3, 3, 3, 3, 3, 3, 3, 3, 3, 3, 3, 3, 3, 3, 3, 3, 3, 3, 3, 3, 3, 3, 3, 3, 3, 3, 3, 3, 3, 3, 3, 3, 3, 3, 3, 3, 3, 3, 3, 3, 3, 3, 3, 3, 3, 3, 3, 3, 3, 3, 3, 3, 3, 3, 3, 3, 3, 3, 3, 3, 3, 3, 3, 3, 3, 3, 3, 3, 3, 3, 3, 3, 3, 3, 3, 3, 3, 3, 3, 3, 3, 3, 3, 3, 3, 3, 3, 3, 3, 3, 3, 3, 3, 3, 3, 3, 3, 3, 3, 3, 3, 3, 3, 3, 3, 3, 3, 3, 3, 3, 3, 3, 3, 3, 3, 3, 3, 3, 3, 3, 3, 3, 3, 3, 3, 3, 3, 3, 3, 3, 3, 3, 3, 3, 3, 3, 3, 3, 3, 3, 3, 3, 3, 3, 3, 3, 3, 3, 3, 3, 3, 3, 3, 3, 3, 3, 3, 3, 3, 3, 3, 3, 3, 3, 3, 3, 3, 3, 3, 3, 3, 3, 3, 3, 3, 3, 3, 3, 3, 3, 3, 3, 3, 3, 3, 3, 3, 3, 3, 3, 3, 3, 3, 3, 3, 3, 3, 3, 3, 3, 3, 3, 3, 3, 3, 3, 3, 3, 3, 3, 3, 3, 3, 3, 3, 3, 3, 3, 3, 3, 3, 3, 3, 3, 3, 3, 3, 3, 3, 3, 3, 3, 3, 3, 3, 3, 3, 3, 3, 3, 3, 3, 3, 3, 3, 3, 3, 3, 3, 3, 3, 3, 3, 3, 3, 3, 3, 3, 3, 3, 3, 3, 3, 3, 3, 3, 3, 3, 3, 3, 3, 3, 3, 3, 3, 3, 3, 3, 3, 3, 3, 3, 3, 3, 3, 3, 3, 3, 3, 3, 3, 3, 3, 3, 3, 3, 3, 3, 3, 3, 3, 3, 3, 3, 3, 3, 3, 3, 3, 3, 3, 3, 3, 3, 3, 3, 3, 3, 3, 3, 3, 3, 3, 3, 3, 3, 3, 3, 3, 3, 3, 3, 3, 3, 3, 3, 3, 3, 3, 3, 3, 3, 3, 3, 3, 3, 3, 3, 3, 3, 3, 3, 3, 3, 3, 3, 3, 3, 3, 3, 3, 3, 3, 3, 3, 3, 3, 3, 3, 3, 3, 3, 3, 3, 3, 3, 3, 3, 3, 3, 3, 3, 3, 3, 3, 3, 3, 3, 3, 3, 3, 3, 3, 3, 3, 3, 3, 3, 3, 3, 3, 3, 3, 3, 3, 3, 3, 3, 3, 3, 3, 3, 3, 3, 3, 3, 3, 3, 3, 3, 3, 3, 3, 3, 3, 3, 3, 3, 3, 3, 3, 3, 3, 3, 3, 3, 3, 3, 3, 3, 3, 3, 3, 3, 3, 3, 3, 3, 3, 3, 3, 3, 3, 3, 3, 3, 3, 3, 3, 3, 3, 3, 3, 3, 3, 3, 3, 3, 3, 3, 3, 3, 3, 3, 3, 3, 3, 3, 3, 3, 3, 3, 3, 3, 3, 3, 3, 3, 3, 3, 3, 3, 3, 3, 3, 3, 3, 3, 3, 3, 3, 3, 3, 3, 3, 3, 3, 3, 3, 3, 3, 3, 3, 3, 3, 3, 3, 3, 3, 3, 3, 3, 3, 3, 3, 3, 3, 3, 3, 3, 3, 3, 3, 3, 3, 3, 3, 3, 3, 3, 3, 3, 3, 3, 3, 3, 3, 3, 3, 3, 3, 3, 3, 3, 3, 3, 3, 3, 3, 3, 3, 3, 3, 3, 3, 3, 3, 3, 3, 3, 3, 3, 3, 3, 3, 3, 3, 3, 3, 3, 3, 3, 3, 3, 3, 3, 3, 3, 3, 3, 3, 3, 3, 3, 3, 3, 3, 3, 3, 3, 3, 3, 3, 3, 3, 3, 3, 3, 3, 3, 3, 3, 3, 3, 3, 3, 3, 3, 3, 3, 3, 3, 3, 3, 3, 3, 3, 3, 3, 3, 3, 3, 3, 3, 3, 3, 3, 3, 3, 3, 3, 3, 3, 3, 3, 3, 3, 3, 3, 3, 3, 3, 3, 3, 3, 3, 3, 3, 3, 3, 3, 3, 3, 3, 3, 3, 3, 3, 3, 3, 3, 3, 3, 3, 3, 3, 3, 3, 3, 3, 3, 3, 3, 3, 3, 3, 3, 3, 3, 3, 3, 3, 3, 3, 3, 3, 3, 3, 3, 3, 3, 3, 3, 3, 3, 3, 3, 3, 3, 3, 3, 3, 3, 3, 3, 3, 3, 3, 3, 3, 3, 3, 3, 3, 3, 3]
        int[] faceVertexIndices = [0, 32, 1, 1, 32, 33, 1, 33, 2, 2, 33, 34, 2, 34, 3, 3, 34, 35, 3, 35, 4, 4, 35, 36, 4, 36, 5, 5, 36, 37, 5, 37, 6, 6, 37, 38, 6, 38, 7, 7, 38, 39, 7, 39, 8, 8, 39, 40, 8, 40, 9, 9, 40, 41, 9, 41, 10, 10, 41, 42, 10, 42, 11, 11, 42, 43, 11, 43, 12, 12, 43, 44, 12, 44, 13, 13, 44, 45, 13, 45, 14, 14, 45, 46, 14, 46, 15, 15, 46, 47, 15, 47, 16, 16, 47, 48, 16, 48, 17, 17, 48, 49, 17, 49, 18, 18, 49, 50, 18, 50, 19, 19, 50, 51, 19, 51, 20, 20, 51, 52, 20, 52, 21, 21, 52, 53, 21, 53, 22, 22, 53, 54, 22, 54, 23, 23, 54, 55, 23, 55, 24, 24, 55, 56, 24, 56, 25, 25, 56, 57, 25, 57, 26, 26, 57, 58, 26, 58, 27, 27, 58, 59, 27, 59, 28, 28, 59, 60, 28, 60, 29, 29, 60, 61, 29, 61, 30, 30, 61, 62, 30, 62, 31, 31, 62, 63, 31, 63, 0, 0, 63, 32, 32, 64, 33, 33, 64, 65, 33, 65, 34, 34, 65, 66, 34, 66, 35, 35, 66, 67, 35, 67, 36, 36, 67, 68, 36, 68, 37, 37, 68, 69, 37, 69, 38, 38, 69, 70, 38, 70, 39, 39, 70, 71, 39, 71, 40, 40, 71, 72, 40, 72, 41, 41, 72, 73, 41, 73, 42, 42, 73, 74, 42, 74, 43, 43, 74, 75, 43, 75, 44, 44, 75, 76, 44, 76, 45, 45, 76, 77, 45, 77, 46, 46, 77, 78, 46, 78, 47, 47, 78, 79, 47, 79, 48, 48, 79, 80, 48, 80, 49, 49, 80, 81, 49, 81, 50, 50, 81, 82, 50, 82, 51, 51, 82, 83, 51, 83, 52, 52, 83, 84, 52, 84, 53, 53, 84, 85, 53, 85, 54, 54, 85, 86, 54, 86, 55, 55, 86, 87, 55, 87, 56, 56, 87, 88, 56, 88, 57, 57, 88, 89, 57, 89, 58, 58, 89, 90, 58, 90, 59, 59, 90, 91, 59, 91, 60, 60, 91, 92, 60, 92, 61, 61, 92, 93, 61, 93, 62, 62, 93, 94, 62, 94, 63, 63, 94, 95, 63, 95, 32, 32, 95, 64, 64, 96, 65, 65, 96, 97, 65, 97, 66, 66, 97, 98, 66, 98, 67, 67, 98, 99, 67, 99, 68, 68, 99, 100, 68, 100, 69, 69, 100, 101, 69, 101, 70, 70, 101, 102, 70, 102, 71, 71, 102, 103, 71, 103, 72, 72, 103, 104, 72, 104, 73, 73, 104, 105, 73, 105, 74, 74, 105, 106, 74, 106, 75, 75, 106, 107, 75, 107, 76, 76, 107, 108, 76, 108, 77, 77, 108, 109, 77, 109, 78, 78, 109, 110, 78, 110, 79, 79, 110, 111, 79, 111, 80, 80, 111, 112, 80, 112, 81, 81, 112, 113, 81, 113, 82, 82, 113, 114, 82, 114, 83, 83, 114, 115, 83, 115, 84, 84, 115, 116, 84, 116, 85, 85, 116, 117, 85, 117, 86, 86, 117, 118, 86, 118, 87, 87, 118, 119, 87, 119, 88, 88, 119, 120, 88, 120, 89, 89, 120, 121, 89, 121, 90, 90, 121, 122, 90, 122, 91, 91, 122, 123, 91, 123, 92, 92, 123, 124, 92, 124, 93, 93, 124, 125, 93, 125, 94, 94, 125, 126, 94, 126, 95, 95, 126, 127, 95, 127, 64, 64, 127, 96, 96, 128, 97, 97, 128, 129, 97, 129, 98, 98, 129, 130, 98, 130, 99, 99, 130, 131, 99, 131, 100, 100, 131, 132, 100, 132, 101, 101, 132, 133, 101, 133, 102, 102, 133, 134, 102, 134, 103, 103, 134, 135, 103, 135, 104, 104, 135, 136, 104, 136, 105, 105, 136, 137, 105, 137, 106, 106, 137, 138, 106, 138, 107, 107, 138, 139, 107, 139, 108, 108, 139, 140, 108, 140, 109, 109, 140, 141, 109, 141, 110, 110, 141, 142, 110, 142, 111, 111, 142, 143, 111, 143, 112, 112, 143, 144, 112, 144, 113, 113, 144, 145, 113, 145, 114, 114, 145, 146, 114, 146, 115, 115, 146, 147, 115, 147, 116, 116, 147, 148, 116, 148, 117, 117, 148, 149, 117, 149, 118, 118, 149, 150, 118, 150, 119, 119, 150, 151, 119, 151, 120, 120, 151, 152, 120, 152, 121, 121, 152, 153, 121, 153, 122, 122, 153, 154, 122, 154, 123, 123, 154, 155, 123, 155, 124, 124, 155, 156, 124, 156, 125, 125, 156, 157, 125, 157, 126, 126, 157, 158, 126, 158, 127, 127, 158, 159, 127, 159, 96, 96, 159, 128, 128, 160, 129, 129, 160, 161, 129, 161, 130, 130, 161, 162, 130, 162, 131, 131, 162, 163, 131, 163, 132, 132, 163, 164, 132, 164, 133, 133, 164, 165, 133, 165, 134, 134, 165, 166, 134, 166, 135, 135, 166, 167, 135, 167, 136, 136, 167, 168, 136, 168, 137, 137, 168, 169, 137, 169, 138, 138, 169, 170, 138, 170, 139, 139, 170, 171, 139, 171, 140, 140, 171, 172, 140, 172, 141, 141, 172, 173, 141, 173, 142, 142, 173, 174, 142, 174, 143, 143, 174, 175, 143, 175, 144, 144, 175, 176, 144, 176, 145, 145, 176, 177, 145, 177, 146, 146, 177, 178, 146, 178, 147, 147, 178, 179, 147, 179, 148, 148, 179, 180, 148, 180, 149, 149, 180, 181, 149, 181, 150, 150, 181, 182, 150, 182, 151, 151, 182, 183, 151, 183, 152, 152, 183, 184, 152, 184, 153, 153, 184, 185, 153, 185, 154, 154, 185, 186, 154, 186, 155, 155, 186, 187, 155, 187, 156, 156, 187, 188, 156, 188, 157, 157, 188, 189, 157, 189, 158, 158, 189, 190, 158, 190, 159, 159, 190, 191, 159, 191, 128, 128, 191, 160, 160, 192, 161, 161, 192, 193, 161, 193, 162, 162, 193, 194, 162, 194, 163, 163, 194, 195, 163, 195, 164, 164, 195, 196, 164, 196, 165, 165, 196, 197, 165, 197, 166, 166, 197, 198, 166, 198, 167, 167, 198, 199, 167, 199, 168, 168, 199, 200, 168, 200, 169, 169, 200, 201, 169, 201, 170, 170, 201, 202, 170, 202, 171, 171, 202, 203, 171, 203, 172, 172, 203, 204, 172, 204, 173, 173, 204, 205, 173, 205, 174, 174, 205, 206, 174, 206, 175, 175, 206, 207, 175, 207, 176, 176, 207, 208, 176, 208, 177, 177, 208, 209, 177, 209, 178, 178, 209, 210, 178, 210, 179, 179, 210, 211, 179, 211, 180, 180, 211, 212, 180, 212, 181, 181, 212, 213, 181, 213, 182, 182, 213, 214, 182, 214, 183, 183, 214, 215, 183, 215, 184, 184, 215, 216, 184, 216, 185, 185, 216, 217, 185, 217, 186, 186, 217, 218, 186, 218, 187, 187, 218, 219, 187, 219, 188, 188, 219, 220, 188, 220, 189, 189, 220, 221, 189, 221, 190, 190, 221, 222, 190, 222, 191, 191, 222, 223, 191, 223, 160, 160, 223, 192, 192, 224, 193, 193, 224, 225, 193, 225, 194, 194, 225, 226, 194, 226, 195, 195, 226, 227, 195, 227, 196, 196, 227, 228, 196, 228, 197, 197, 228, 229, 197, 229, 198, 198, 229, 230, 198, 230, 199, 199, 230, 231, 199, 231, 200, 200, 231, 232, 200, 232, 201, 201, 232, 233, 201, 233, 202, 202, 233, 234, 202, 234, 203, 203, 234, 235, 203, 235, 204, 204, 235, 236, 204, 236, 205, 205, 236, 237, 205, 237, 206, 206, 237, 238, 206, 238, 207, 207, 238, 239, 207, 239, 208, 208, 239, 240, 208, 240, 209, 209, 240, 241, 209, 241, 210, 210, 241, 242, 210, 242, 211, 211, 242, 243, 211, 243, 212, 212, 243, 244, 212, 244, 213, 213, 244, 245, 213, 245, 214, 214, 245, 246, 214, 246, 215, 215, 246, 247, 215, 247, 216, 216, 247, 248, 216, 248, 217, 217, 248, 249, 217, 249, 218, 218, 249, 250, 218, 250, 219, 219, 250, 251, 219, 251, 220, 220, 251, 252, 220, 252, 221, 221, 252, 253, 221, 253, 222, 222, 253, 254, 222, 254, 223, 223, 254, 255, 223, 255, 192, 192, 255, 224, 224, 256, 225, 225, 256, 257, 225, 257, 226, 226, 257, 258, 226, 258, 227, 227, 258, 259, 227, 259, 228, 228, 259, 260, 228, 260, 229, 229, 260, 261, 229, 261, 230, 230, 261, 262, 230, 262, 231, 231, 262, 263, 231, 263, 232, 232, 263, 264, 232, 264, 233, 233, 264, 265, 233, 265, 234, 234, 265, 266, 234, 266, 235, 235, 266, 267, 235, 267, 236, 236, 267, 268, 236, 268, 237, 237, 268, 269, 237, 269, 238, 238, 269, 270, 238, 270, 239, 239, 270, 271, 239, 271, 240, 240, 271, 272, 240, 272, 241, 241, 272, 273, 241, 273, 242, 242, 273, 274, 242, 274, 243, 243, 274, 275, 243, 275, 244, 244, 275, 276, 244, 276, 245, 245, 276, 277, 245, 277, 246, 246, 277, 278, 246, 278, 247, 247, 278, 279, 247, 279, 248, 248, 279, 280, 248, 280, 249, 249, 280, 281, 249, 281, 250, 250, 281, 282, 250, 282, 251, 251, 282, 283, 251, 283, 252, 252, 283, 284, 252, 284, 253, 253, 284, 285, 253, 285, 254, 254, 285, 286, 254, 286, 255, 255, 286, 287, 255, 287, 224, 224, 287, 256, 256, 288, 257, 257, 288, 289, 257, 289, 258, 258, 289, 290, 258, 290, 259, 259, 290, 291, 259, 291, 260, 260, 291, 292, 260, 292, 261, 261, 292, 293, 261, 293, 262, 262, 293, 294, 262, 294, 263, 263, 294, 295, 263, 295, 264, 264, 295, 296, 264, 296, 265, 265, 296, 297, 265, 297, 266, 266, 297, 298, 266, 298, 267, 267, 298, 299, 267, 299, 268, 268, 299, 300, 268, 300, 269, 269, 300, 301, 269, 301, 270, 270, 301, 302, 270, 302, 271, 271, 302, 303, 271, 303, 272, 272, 303, 304, 272, 304, 273, 273, 304, 305, 273, 305, 274, 274, 305, 306, 274, 306, 275, 275, 306, 307, 275, 307, 276, 276, 307, 308, 276, 308, 277, 277, 308, 309, 277, 309, 278, 278, 309, 310, 278, 310, 279, 279, 310, 311, 279, 311, 280, 280, 311, 312, 280, 312, 281, 281, 312, 313, 281, 313, 282, 282, 313, 314, 282, 314, 283, 283, 314, 315, 283, 315, 284, 284, 315, 316, 284, 316, 285, 285, 316, 317, 285, 317, 286, 286, 317, 318, 286, 318, 287, 287, 318, 319, 287, 319, 256, 256, 319, 288, 288, 320, 289, 289, 320, 321, 289, 321, 290, 290, 321, 322, 290, 322, 291, 291, 322, 323, 291, 323, 292, 292, 323, 324, 292, 324, 293, 293, 324, 325, 293, 325, 294, 294, 325, 326, 294, 326, 295, 295, 326, 327, 295, 327, 296, 296, 327, 328, 296, 328, 297, 297, 328, 329, 297, 329, 298, 298, 329, 330, 298, 330, 299, 299, 330, 331, 299, 331, 300, 300, 331, 332, 300, 332, 301, 301, 332, 333, 301, 333, 302, 302, 333, 334, 302, 334, 303, 303, 334, 335, 303, 335, 304, 304, 335, 336, 304, 336, 305, 305, 336, 337, 305, 337, 306, 306, 337, 338, 306, 338, 307, 307, 338, 339, 307, 339, 308, 308, 339, 340, 308, 340, 309, 309, 340, 341, 309, 341, 310, 310, 341, 342, 310, 342, 311, 311, 342, 343, 311, 343, 312, 312, 343, 344, 312, 344, 313, 313, 344, 345, 313, 345, 314, 314, 345, 346, 314, 346, 315, 315, 346, 347, 315, 347, 316, 316, 347, 348, 316, 348, 317, 317, 348, 349, 317, 349, 318, 318, 349, 350, 318, 350, 319, 319, 350, 351, 319, 351, 288, 288, 351, 320, 320, 352, 321, 321, 352, 353, 321, 353, 322, 322, 353, 354, 322, 354, 323, 323, 354, 355, 323, 355, 324, 324, 355, 356, 324, 356, 325, 325, 356, 357, 325, 357, 326, 326, 357, 358, 326, 358, 327, 327, 358, 359, 327, 359, 328, 328, 359, 360, 328, 360, 329, 329, 360, 361, 329, 361, 330, 330, 361, 362, 330, 362, 331, 331, 362, 363, 331, 363, 332, 332, 363, 364, 332, 364, 333, 333, 364, 365, 333, 365, 334, 334, 365, 366, 334, 366, 335, 335, 366, 367, 335, 367, 336, 336, 367, 368, 336, 368, 337, 337, 368, 369, 337, 369, 338, 338, 369, 370, 338, 370, 339, 339, 370, 371, 339, 371, 340, 340, 371, 372, 340, 372, 341, 341, 372, 373, 341, 373, 342, 342, 373, 374, 342, 374, 343, 343, 374, 375, 343, 375, 344, 344, 375, 376, 344, 376, 345, 345, 376, 377, 345, 377, 346, 346, 377, 378, 346, 378, 347, 347, 378, 379, 347, 379, 348, 348, 379, 380, 348, 380, 349, 349, 380, 381, 349, 381, 350, 350, 381, 382, 350, 382, 351, 351, 382, 383, 351, 383, 320, 320, 383, 352, 352, 384, 353, 353, 384, 385, 353, 385, 354, 354, 385, 386, 354, 386, 355, 355, 386, 387, 355, 387, 356, 356, 387, 388, 356, 388, 357, 357, 388, 389, 357, 389, 358, 358, 389, 390, 358, 390, 359, 359, 390, 391, 359, 391, 360, 360, 391, 392, 360, 392, 361, 361, 392, 393, 361, 393, 362, 362, 393, 394, 362, 394, 363, 363, 394, 395, 363, 395, 364, 364, 395, 396, 364, 396, 365, 365, 396, 397, 365, 397, 366, 366, 397, 398, 366, 398, 367, 367, 398, 399, 367, 399, 368, 368, 399, 400, 368, 400, 369, 369, 400, 401, 369, 401, 370, 370, 401, 402, 370, 402, 371, 371, 402, 403, 371, 403, 372, 372, 403, 404, 372, 404, 373, 373, 404, 405, 373, 405, 374, 374, 405, 406, 374, 406, 375, 375, 406, 407, 375, 407, 376, 376, 407, 408, 376, 408, 377, 377, 408, 409, 377, 409, 378, 378, 409, 410, 378, 410, 379, 379, 410, 411, 379, 411, 380, 380, 411, 412, 380, 412, 381, 381, 412, 413, 381, 413, 382, 382, 413, 414, 382, 414, 383, 383, 414, 415, 383, 415, 352, 352, 415, 384, 384, 416, 385, 385, 416, 417, 385, 417, 386, 386, 417, 418, 386, 418, 387, 387, 418, 419, 387, 419, 388, 388, 419, 420, 388, 420, 389, 389, 420, 421, 389, 421, 390, 390, 421, 422, 390, 422, 391, 391, 422, 423, 391, 423, 392, 392, 423, 424, 392, 424, 393, 393, 424, 425, 393, 425, 394, 394, 425, 426, 394, 426, 395, 395, 426, 427, 395, 427, 396, 396, 427, 428, 396, 428, 397, 397, 428, 429, 397, 429, 398, 398, 429, 430, 398, 430, 399, 399, 430, 431, 399, 431, 400, 400, 431, 432, 400, 432, 401, 401, 432, 433, 401, 433, 402, 402, 433, 434, 402, 434, 403, 403, 434, 435, 403, 435, 404, 404, 435, 436, 404, 436, 405, 405, 436, 437, 405, 437, 406, 406, 437, 438, 406, 438, 407, 407, 438, 439, 407, 439, 408, 408, 439, 440, 408, 440, 409, 409, 440, 441, 409, 441, 410, 410, 441, 442, 410, 442, 411, 411, 442, 443, 411, 443, 412, 412, 443, 444, 412, 444, 413, 413, 444, 445, 413, 445, 414, 414, 445, 446, 414, 446, 415, 415, 446, 447, 415, 447, 384, 384, 447, 416, 416, 448, 417, 417, 448, 449, 417, 449, 418, 418, 449, 450, 418, 450, 419, 419, 450, 451, 419, 451, 420, 420, 451, 452, 420, 452, 421, 421, 452, 453, 421, 453, 422, 422, 453, 454, 422, 454, 423, 423, 454, 455, 423, 455, 424, 424, 455, 456, 424, 456, 425, 425, 456, 457, 425, 457, 426, 426, 457, 458, 426, 458, 427, 427, 458, 459, 427, 459, 428, 428, 459, 460, 428, 460, 429, 429, 460, 461, 429, 461, 430, 430, 461, 462, 430, 462, 431, 431, 462, 463, 431, 463, 432, 432, 463, 464, 432, 464, 433, 433, 464, 465, 433, 465, 434, 434, 465, 466, 434, 466, 435, 435, 466, 467, 435, 467, 436, 436, 467, 468, 436, 468, 437, 437, 468, 469, 437, 469, 438, 438, 469, 470, 438, 470, 439, 439, 470, 471, 439, 471, 440, 440, 471, 472, 440, 472, 441, 441, 472, 473, 441, 473, 442, 442, 473, 474, 442, 474, 443, 443, 474, 475, 443, 475, 444, 444, 475, 476, 444, 476, 445, 445, 476, 477, 445, 477, 446, 446, 477, 478, 446, 478, 447, 447, 478, 479, 447, 479, 416, 416, 479, 448, 448, 480, 449, 449, 480, 481, 449, 481, 450, 450, 481, 482, 450, 482, 451, 451, 482, 483, 451, 483, 452, 452, 483, 484, 452, 484, 453, 453, 484, 485, 453, 485, 454, 454, 485, 486, 454, 486, 455, 455, 486, 487, 455, 487, 456, 456, 487, 488, 456, 488, 457, 457, 488, 489, 457, 489, 458, 458, 489, 490, 458, 490, 459, 459, 490, 491, 459, 491, 460, 460, 491, 492, 460, 492, 461, 461, 492, 493, 461, 493, 462, 462, 493, 494, 462, 494, 463, 463, 494, 495, 463, 495, 464, 464, 495, 496, 464, 496, 465, 465, 496, 497, 465, 497, 466, 466, 497, 498, 466, 498, 467, 467, 498, 499, 467, 499, 468, 468, 499, 500, 468, 500, 469, 469, 500, 501, 469, 501, 470, 470, 501, 502, 470, 502, 471, 471, 502, 503, 471, 503, 472, 472, 503, 504, 472, 504, 473, 473, 504, 505, 473, 505, 474, 474, 505, 506, 474, 506, 475, 475, 506, 507, 475, 507, 476, 476, 507, 508, 476, 508, 477, 477, 508, 509, 477, 509, 478, 478, 509, 510, 478, 510, 479, 479, 510, 511, 479, 511, 448, 448, 511, 480, 480, 512, 481, 481, 512, 513, 481, 513, 482, 482, 513, 514, 482, 514, 483, 483, 514, 515, 483, 515, 484, 484, 515, 516, 484, 516, 485, 485, 516, 517, 485, 517, 486, 486, 517, 518, 486, 518, 487, 487, 518, 519, 487, 519, 488, 488, 519, 520, 488, 520, 489, 489, 520, 521, 489, 521, 490, 490, 521, 522, 490, 522, 491, 491, 522, 523, 491, 523, 492, 492, 523, 524, 492, 524, 493, 493, 524, 525, 493, 525, 494, 494, 525, 526, 494, 526, 495, 495, 526, 527, 495, 527, 496, 496, 527, 528, 496, 528, 497, 497, 528, 529, 497, 529, 498, 498, 529, 530, 498, 530, 499, 499, 530, 531, 499, 531, 500, 500, 531, 532, 500, 532, 501, 501, 532, 533, 501, 533, 502, 502, 533, 534, 502, 534, 503, 503, 534, 535, 503, 535, 504, 504, 535, 536, 504, 536, 505, 505, 536, 537, 505, 537, 506, 506, 537, 538, 506, 538, 507, 507, 538, 539, 507, 539, 508, 508, 539, 540, 508, 540, 509, 509, 540, 541, 509, 541, 510, 510, 541, 542, 510, 542, 511, 511, 542, 543, 511, 543, 480, 480, 543, 512, 512, 544, 513, 513, 544, 545, 513, 545, 514, 514, 545, 546, 514, 546, 515, 515, 546, 547, 515, 547, 516, 516, 547, 548, 516, 548, 517, 517, 548, 549, 517, 549, 518, 518, 549, 550, 518, 550, 519, 519, 550, 551, 519, 551, 520, 520, 551, 552, 520, 552, 521, 521, 552, 553, 521, 553, 522, 522, 553, 554, 522, 554, 523, 523, 554, 555, 523, 555, 524, 524, 555, 556, 524, 556, 525, 525, 556, 557, 525, 557, 526, 526, 557, 558, 526, 558, 527, 527, 558, 559, 527, 559, 528, 528, 559, 560, 528, 560, 529, 529, 560, 561, 529, 561, 530, 530, 561, 562, 530, 562, 531, 531, 562, 563, 531, 563, 532, 532, 563, 564, 532, 564, 533, 533, 564, 565, 533, 565, 534, 534, 565, 566, 534, 566, 535, 535, 566, 567, 535, 567, 536, 536, 567, 568, 536, 568, 537, 537, 568, 569, 537, 569, 538, 538, 569, 570, 538, 570, 539, 539, 570, 571, 539, 571, 540, 540, 571, 572, 540, 572, 541, 541, 572, 573, 541, 573, 542, 542, 573, 574, 542, 574, 543, 543, 574, 575, 543, 575, 512, 512, 575, 544, 544, 576, 545, 545, 576, 577, 545, 577, 546, 546, 577, 578, 546, 578, 547, 547, 578, 579, 547, 579, 548, 548, 579, 580, 548, 580, 549, 549, 580, 581, 549, 581, 550, 550, 581, 582, 550, 582, 551, 551, 582, 583, 551, 583, 552, 552, 583, 584, 552, 584, 553, 553, 584, 585, 553, 585, 554, 554, 585, 586, 554, 586, 555, 555, 586, 587, 555, 587, 556, 556, 587, 588, 556, 588, 557, 557, 588, 589, 557, 589, 558, 558, 589, 590, 558, 590, 559, 559, 590, 591, 559, 591, 560, 560, 591, 592, 560, 592, 561, 561, 592, 593, 561, 593, 562, 562, 593, 594, 562, 594, 563, 563, 594, 595, 563, 595, 564, 564, 595, 596, 564, 596, 565, 565, 596, 597, 565, 597, 566, 566, 597, 598, 566, 598, 567, 567, 598, 599, 567, 599, 568, 568, 599, 600, 568, 600, 569, 569, 600, 601, 569, 601, 570, 570, 601, 602, 570, 602, 571, 571, 602, 603, 571, 603, 572, 572, 603, 604, 572, 604, 573, 573, 604, 605, 573, 605, 574, 574, 605, 606, 574, 606, 575, 575, 606, 607, 575, 607, 544, 544, 607, 576, 576, 608, 577, 577, 608, 609, 577, 609, 578, 578, 609, 610, 578, 610, 579, 579, 610, 611, 579, 611, 580, 580, 611, 612, 580, 612, 581, 581, 612, 613, 581, 613, 582, 582, 613, 614, 582, 614, 583, 583, 614, 615, 583, 615, 584, 584, 615, 616, 584, 616, 585, 585, 616, 617, 585, 617, 586, 586, 617, 618, 586, 618, 587, 587, 618, 619, 587, 619, 588, 588, 619, 620, 588, 620, 589, 589, 620, 621, 589, 621, 590, 590, 621, 622, 590, 622, 591, 591, 622, 623, 591, 623, 592, 592, 623, 624, 592, 624, 593, 593, 624, 625, 593, 625, 594, 594, 625, 626, 594, 626, 595, 595, 626, 627, 595, 627, 596, 596, 627, 628, 596, 628, 597, 597, 628, 629, 597, 629, 598, 598, 629, 630, 598, 630, 599, 599, 630, 631, 599, 631, 600, 600, 631, 632, 600, 632, 601, 601, 632, 633, 601, 633, 602, 602, 633, 634, 602, 634, 603, 603, 634, 635, 603, 635, 604, 604, 635, 636, 604, 636, 605, 605, 636, 637, 605, 637, 606, 606, 637, 638, 606, 638, 607, 607, 638, 639, 607, 639, 576, 576, 639, 608, 608, 640, 609, 609, 640, 641, 609, 641, 610, 610, 641, 642, 610, 642, 611, 611, 642, 643, 611, 643, 612, 612, 643, 644, 612, 644, 613, 613, 644, 645, 613, 645, 614, 614, 645, 646, 614, 646, 615, 615, 646, 647, 615, 647, 616, 616, 647, 648, 616, 648, 617, 617, 648, 649, 617, 649, 618, 618, 649, 650, 618, 650, 619, 619, 650, 651, 619, 651, 620, 620, 651, 652, 620, 652, 621, 621, 652, 653, 621, 653, 622, 622, 653, 654, 622, 654, 623, 623, 654, 655, 623, 655, 624, 624, 655, 656, 624, 656, 625, 625, 656, 657, 625, 657, 626, 626, 657, 658, 626, 658, 627, 627, 658, 659, 627, 659, 628, 628, 659, 660, 628, 660, 629, 629, 660, 661, 629, 661, 630, 630, 661, 662, 630, 662, 631, 631, 662, 663, 631, 663, 632, 632, 663, 664, 632, 664, 633, 633, 664, 665, 633, 665, 634, 634, 665, 666, 634, 666, 635, 635, 666, 667, 635, 667, 636, 636, 667, 668, 636, 668, 637, 637, 668, 669, 637, 669, 638, 638, 669, 670, 638, 670, 639, 639, 670, 671, 639, 671, 608, 608, 671, 640, 640, 672, 641, 641, 672, 673, 641, 673, 642, 642, 673, 674, 642, 674, 643, 643, 674, 675, 643, 675, 644, 644, 675, 676, 644, 676, 645, 645, 676, 677, 645, 677, 646, 646, 677, 678, 646, 678, 647, 647, 678, 679, 647, 679, 648, 648, 679, 680, 648, 680, 649, 649, 680, 681, 649, 681, 650, 650, 681, 682, 650, 682, 651, 651, 682, 683, 651, 683, 652, 652, 683, 684, 652, 684, 653, 653, 684, 685, 653, 685, 654, 654, 685, 686, 654, 686, 655, 655, 686, 687, 655, 687, 656, 656, 687, 688, 656, 688, 657, 657, 688, 689, 657, 689, 658, 658, 689, 690, 658, 690, 659, 659, 690, 691, 659, 691, 660, 660, 691, 692, 660, 692, 661, 661, 692, 693, 661, 693, 662, 662, 693, 694, 662, 694, 663, 663, 694, 695, 663, 695, 664, 664, 695, 696, 664, 696, 665, 665, 696, 697, 665, 697, 666, 666, 697, 698, 666, 698, 667, 667, 698, 699, 667, 699, 668, 668, 699, 700, 668, 700, 669, 669, 700, 701, 669, 701, 670, 670, 701, 702, 670, 702, 671, 671, 702, 703, 671, 703, 640, 640, 703, 672, 672, 704, 673, 673, 704, 705, 673, 705, 674, 674, 705, 706, 674, 706, 675, 675, 706, 707, 675, 707, 676, 676, 707, 708, 676, 708, 677, 677, 708, 709, 677, 709, 678, 678, 709, 710, 678, 710, 679, 679, 710, 711, 679, 711, 680, 680, 711, 712, 680, 712, 681, 681, 712, 713, 681, 713, 682, 682, 713, 714, 682, 714, 683, 683, 714, 715, 683, 715, 684, 684, 715, 716, 684, 716, 685, 685, 716, 717, 685, 717, 686, 686, 717, 718, 686, 718, 687, 687, 718, 719, 687, 719, 688, 688, 719, 720, 688, 720, 689, 689, 720, 721, 689, 721, 690, 690, 721, 722, 690, 722, 691, 691, 722, 723, 691, 723, 692, 692, 723, 724, 692, 724, 693, 693, 724, 725, 693, 725, 694, 694, 725, 726, 694, 726, 695, 695, 726, 727, 695, 727, 696, 696, 727, 728, 696, 728, 697, 697, 728, 729, 697, 729, 698, 698, 729, 730, 698, 730, 699, 699, 730, 731, 699, 731, 700, 700, 731, 732, 700, 732, 701, 701, 732, 733, 701, 733, 702, 702, 733, 734, 702, 734, 703, 703, 734, 735, 703, 735, 672, 672, 735, 704, 704, 736, 705, 705, 736, 737, 705, 737, 706, 706, 737, 738, 706, 738, 707, 707, 738, 739, 707, 739, 708, 708, 739, 740, 708, 740, 709, 709, 740, 741, 709, 741, 710, 710, 741, 742, 710, 742, 711, 711, 742, 743, 711, 743, 712, 712, 743, 744, 712, 744, 713, 713, 744, 745, 713, 745, 714, 714, 745, 746, 714, 746, 715, 715, 746, 747, 715, 747, 716, 716, 747, 748, 716, 748, 717, 717, 748, 749, 717, 749, 718, 718, 749, 750, 718, 750, 719, 719, 750, 751, 719, 751, 720, 720, 751, 752, 720, 752, 721, 721, 752, 753, 721, 753, 722, 722, 753, 754, 722, 754, 723, 723, 754, 755, 723, 755, 724, 724, 755, 756, 724, 756, 725, 725, 756, 757, 725, 757, 726, 726, 757, 758, 726, 758, 727, 727, 758, 759, 727, 759, 728, 728, 759, 760, 728, 760, 729, 729, 760, 761, 729, 761, 730, 730, 761, 762, 730, 762, 731, 731, 762, 763, 731, 763, 732, 732, 763, 764, 732, 764, 733, 733, 764, 765, 733, 765, 734, 734, 765, 766, 734, 766, 735, 735, 766, 767, 735, 767, 704, 704, 767, 736, 736, 768, 737, 737, 768, 769, 737, 769, 738, 738, 769, 770, 738, 770, 739, 739, 770, 771, 739, 771, 740, 740, 771, 772, 740, 772, 741, 741, 772, 773, 741, 773, 742, 742, 773, 774, 742, 774, 743, 743, 774, 775, 743, 775, 744, 744, 775, 776, 744, 776, 745, 745, 776, 777, 745, 777, 746, 746, 777, 778, 746, 778, 747, 747, 778, 779, 747, 779, 748, 748, 779, 780, 748, 780, 749, 749, 780, 781, 749, 781, 750, 750, 781, 782, 750, 782, 751, 751, 782, 783, 751, 783, 752, 752, 783, 784, 752, 784, 753, 753, 784, 785, 753, 785, 754, 754, 785, 786, 754, 786, 755, 755, 786, 787, 755, 787, 756, 756, 787, 788, 756, 788, 757, 757, 788, 789, 757, 789, 758, 758, 789, 790, 758, 790, 759, 759, 790, 791, 759, 791, 760, 760, 791, 792, 760, 792, 761, 761, 792, 793, 761, 793, 762, 762, 793, 794, 762, 794, 763, 763, 794, 795, 763, 795, 764, 764, 795, 796, 764, 796, 765, 765, 796, 797, 765, 797, 766, 766, 797, 798, 766, 798, 767, 767, 798, 799, 767, 799, 736, 736, 799, 768, 768, 800, 769, 769, 800, 801, 769, 801, 770, 770, 801, 802, 770, 802, 771, 771, 802, 803, 771, 803, 772, 772, 803, 804, 772, 804, 773, 773, 804, 805, 773, 805, 774, 774, 805, 806, 774, 806, 775, 775, 806, 807, 775, 807, 776, 776, 807, 808, 776, 808, 777, 777, 808, 809, 777, 809, 778, 778, 809, 810, 778, 810, 779, 779, 810, 811, 779, 811, 780, 780, 811, 812, 780, 812, 781, 781, 812, 813, 781, 813, 782, 782, 813, 814, 782, 814, 783, 783, 814, 815, 783, 815, 784, 784, 815, 816, 784, 816, 785, 785, 816, 817, 785, 817, 786, 786, 817, 818, 786, 818, 787, 787, 818, 819, 787, 819, 788, 788, 819, 820, 788, 820, 789, 789, 820, 821, 789, 821, 790, 790, 821, 822, 790, 822, 791, 791, 822, 823, 791, 823, 792, 792, 823, 824, 792, 824, 793, 793, 824, 825, 793, 825, 794, 794, 825, 826, 794, 826, 795, 795, 826, 827, 795, 827, 796, 796, 827, 828, 796, 828, 797, 797, 828, 829, 797, 829, 798, 798, 829, 830, 798, 830, 799, 799, 830, 831, 799, 831, 768, 768, 831, 800, 800, 832, 801, 801, 832, 833, 801, 833, 802, 802, 833, 834, 802, 834, 803, 803, 834, 835, 803, 835, 804, 804, 835, 836, 804, 836, 805, 805, 836, 837, 805, 837, 806, 806, 837, 838, 806, 838, 807, 807, 838, 839, 807, 839, 808, 808, 839, 840, 808, 840, 809, 809, 840, 841, 809, 841, 810, 810, 841, 842, 810, 842, 811, 811, 842, 843, 811, 843, 812, 812, 843, 844, 812, 844, 813, 813, 844, 845, 813, 845, 814, 814, 845, 846, 814, 846, 815, 815, 846, 847, 815, 847, 816, 816, 847, 848, 816, 848, 817, 817, 848, 849, 817, 849, 818, 818, 849, 850, 818, 850, 819, 819, 850, 851, 819, 851, 820, 820, 851, 852, 820, 852, 821, 821, 852, 853, 821, 853, 822, 822, 853, 854, 822, 854, 823, 823, 854, 855, 823, 855, 824, 824, 855, 856, 824, 856, 825, 825, 856, 857, 825, 857, 826, 826, 857, 858, 826, 858, 827, 827, 858, 859, 827, 859, 828, 828, 859, 860, 828, 860, 829, 829, 860, 861, 829, 861, 830, 830, 861, 862, 830, 862, 831, 831, 862, 863, 831, 863, 800, 800, 863, 832, 832, 864, 833, 833, 864, 865, 833, 865, 834, 834, 865, 866, 834, 866, 835, 835, 866, 867, 835, 867, 836, 836, 867, 868, 836, 868, 837, 837, 868, 869, 837, 869, 838, 838, 869, 870, 838, 870, 839, 839, 870, 871, 839, 871, 840, 840, 871, 872, 840, 872, 841, 841, 872, 873, 841, 873, 842, 842, 873, 874, 842, 874, 843, 843, 874, 875, 843, 875, 844, 844, 875, 876, 844, 876, 845, 845, 876, 877, 845, 877, 846, 846, 877, 878, 846, 878, 847, 847, 878, 879, 847, 879, 848, 848, 879, 880, 848, 880, 849, 849, 880, 881, 849, 881, 850, 850, 881, 882, 850, 882, 851, 851, 882, 883, 851, 883, 852, 852, 883, 884, 852, 884, 853, 853, 884, 885, 853, 885, 854, 854, 885, 886, 854, 886, 855, 855, 886, 887, 855, 887, 856, 856, 887, 888, 856, 888, 857, 857, 888, 889, 857, 889, 858, 858, 889, 890, 858, 890, 859, 859, 890, 891, 859, 891, 860, 860, 891, 892, 860, 892, 861, 861, 892, 893, 861, 893, 862, 862, 893, 894, 862, 894, 863, 863, 894, 895, 863, 895, 832, 832, 895, 864, 864, 896, 865, 865, 896, 897, 865, 897, 866, 866, 897, 898, 866, 898, 867, 867, 898, 899, 867, 899, 868, 868, 899, 900, 868, 900, 869, 869, 900, 901, 869, 901, 870, 870, 901, 902, 870, 902, 871, 871, 902, 903, 871, 903, 872, 872, 903, 904, 872, 904, 873, 873, 904, 905, 873, 905, 874, 874, 905, 906, 874, 906, 875, 875, 906, 907, 875, 907, 876, 876, 907, 908, 876, 908, 877, 877, 908, 909, 877, 909, 878, 878, 909, 910, 878, 910, 879, 879, 910, 911, 879, 911, 880, 880, 911, 912, 880, 912, 881, 881, 912, 913, 881, 913, 882, 882, 913, 914, 882, 914, 883, 883, 914, 915, 883, 915, 884, 884, 915, 916, 884, 916, 885, 885, 916, 917, 885, 917, 886, 886, 917, 918, 886, 918, 887, 887, 918, 919, 887, 919, 888, 888, 919, 920, 888, 920, 889, 889, 920, 921, 889, 921, 890, 890, 921, 922, 890, 922, 891, 891, 922, 923, 891, 923, 892, 892, 923, 924, 892, 924, 893, 893, 924, 925, 893, 925, 894, 894, 925, 926, 894, 926, 895, 895, 926, 927, 895, 927, 864, 864, 927, 896, 896, 928, 897, 897, 928, 929, 897, 929, 898, 898, 929, 930, 898, 930, 899, 899, 930, 931, 899, 931, 900, 900, 931, 932, 900, 932, 901, 901, 932, 933, 901, 933, 902, 902, 933, 934, 902, 934, 903, 903, 934, 935, 903, 935, 904, 904, 935, 936, 904, 936, 905, 905, 936, 937, 905, 937, 906, 906, 937, 938, 906, 938, 907, 907, 938, 939, 907, 939, 908, 908, 939, 940, 908, 940, 909, 909, 940, 941, 909, 941, 910, 910, 941, 942, 910, 942, 911, 911, 942, 943, 911, 943, 912, 912, 943, 944, 912, 944, 913, 913, 944, 945, 913, 945, 914, 914, 945, 946, 914, 946, 915, 915, 946, 947, 915, 947, 916, 916, 947, 948, 916, 948, 917, 917, 948, 949, 917, 949, 918, 918, 949, 950, 918, 950, 919, 919, 950, 951, 919, 951, 920, 920, 951, 952, 920, 952, 921, 921, 952, 953, 921, 953, 922, 922, 953, 954, 922, 954, 923, 923, 954, 955, 923, 955, 924, 924, 955, 956, 924, 956, 925, 925, 956, 957, 925, 957, 926, 926, 957, 958, 926, 958, 927, 927, 958, 959, 927, 959, 896, 896, 959, 928, 928, 960, 929, 929, 960, 961, 929, 961, 930, 930, 961, 962, 930, 962, 931, 931, 962, 963, 931, 963, 932, 932, 963, 964, 932, 964, 933, 933, 964, 965, 933, 965, 934, 934, 965, 966, 934, 966, 935, 935, 966, 967, 935, 967, 936, 936, 967, 968, 936, 968, 937, 937, 968, 969, 937, 969, 938, 938, 969, 970, 938, 970, 939, 939, 970, 971, 939, 971, 940, 940, 971, 972, 940, 972, 941, 941, 972, 973, 941, 973, 942, 942, 973, 974, 942, 974, 943, 943, 974, 975, 943, 975, 944, 944, 975, 976, 944, 976, 945, 945, 976, 977, 945, 977, 946, 946, 977, 978, 946, 978, 947, 947, 978, 979, 947, 979, 948, 948, 979, 980, 948, 980, 949, 949, 980, 981, 949, 981, 950, 950, 981, 982, 950, 982, 951, 951, 982, 983, 951, 983, 952, 952, 983, 984, 952, 984, 953, 953, 984, 985, 953, 985, 954, 954, 985, 986, 954, 986, 955, 955, 986, 987, 955, 987, 956, 956, 987, 988, 956, 988, 957, 957, 988, 989, 957, 989, 958, 958, 989, 990, 958, 990, 959, 959, 990, 991, 959, 991, 928, 928, 991, 960, 960, 992, 961, 961, 992, 993, 961, 993, 962, 962, 993, 994, 962, 994, 963, 963, 994, 995, 963, 995, 964, 964, 995, 996, 964, 996, 965, 965, 996, 997, 965, 997, 966, 966, 997, 998, 966, 998, 967, 967, 998, 999, 967, 999, 968, 968, 999, 1000, 968, 1000, 969, 969, 1000, 1001, 969, 1001, 970, 970, 1001, 1002, 970, 1002, 971, 971, 1002, 1003, 971, 1003, 972, 972, 1003, 1004, 972, 1004, 973, 973, 1004, 1005, 973, 1005, 974, 974, 1005, 1006, 974, 1006, 975, 975, 1006, 1007, 975, 1007, 976, 976, 1007, 1008, 976, 1008, 977, 977, 1008, 1009, 977, 1009, 978, 978, 1009, 1010, 978, 1010, 979, 979, 1010, 1011, 979, 1011, 980, 980, 1011, 1012, 980, 1012, 981, 981, 1012, 1013, 981, 1013, 982, 982, 1013, 1014, 982, 1014, 983, 983, 1014, 1015, 983, 1015, 984, 984, 1015, 1016, 984, 1016, 985, 985, 1016, 1017, 985, 1017, 986, 986, 1017, 1018, 986, 1018, 987, 987, 1018, 1019, 987, 1019, 988, 988, 1019, 1020, 988, 1020, 989, 989, 1020, 1021, 989, 1021, 990, 990, 1021, 1022, 990, 1022, 991, 991, 1022, 1023, 991, 1023, 960, 960, 1023, 992, 992, 0, 993, 993, 0, 1, 993, 1, 994, 994, 1, 2, 994, 2, 995, 995, 2, 3, 995, 3, 996, 996, 3, 4, 996, 4, 997, 997, 4, 5, 997, 5, 998, 998, 5, 6, 998, 6, 999, 999, 6, 7, 999, 7, 1000, 1000, 7, 8, 1000, 8, 1001, 1001, 8, 9, 1001, 9, 1002, 1002, 9, 10, 1002, 10, 1003, 1003, 10, 11, 1003, 11, 1004, 1004, 11, 12, 1004, 12, 1005, 1005, 12, 13, 1005, 13, 1006, 1006, 13, 14, 1006, 14, 1007, 1007, 14, 15, 1007, 15, 1008, 1008, 15, 16, 1008, 16, 1009, 1009, 16, 17, 1009, 17, 1010, 1010, 17, 18, 1010, 18, 1011, 1011, 18, 19, 1011, 19, 1012, 1012, 19, 20, 1012, 20, 1013, 1013, 20, 21, 1013, 21, 1014, 1014, 21, 22, 1014, 22, 1015, 1015, 22, 23, 1015, 23, 1016, 1016, 23, 24, 1016, 24, 1017, 1017, 24, 25, 1017, 25, 1018, 1018, 25, 26, 1018, 26, 1019, 1019, 26, 27, 1019, 27, 1020, 1020, 27, 28, 1020, 28, 1021, 1021, 28, 29, 1021, 29, 1022, 1022, 29, 30, 1022, 30, 1023, 1023, 30, 31, 1023, 31, 992, 992, 31, 0]
        rel material:binding = </Cappuccino/Material_2>
        normal3f[] normals = [(1, -4.487531e-18, -1.3462594e-17), (0.98101526, 1.0093921e-7, 0.19393061), (0.92476594, -7.286685e-8, 0.38053644), (0.83333963, -4.2357488e-8, 0.5527613), (0.710141, 1.13179524e-7, 0.7040595), (0.5597751, 9.137203e-8, 0.8286446), (0.38788694, 2.446011e-9, 0.921707), (0.20096916, -2.0651703e-8, 0.97959757), (0.006125663, 1.6380481e-8, 0.9999812), (-0.18918398, -1.4968087e-8, 0.98194164), (-0.37743106, -5.105013e-8, 0.92603767), (-0.55130875, -8.192698e-8, 0.8343013), (-0.70401967, -1.3439048e-7, 0.7101805), (-0.8295617, 7.383769e-8, 0.558415), (-0.92297393, 1.3888335e-7, 0.3848625), (-0.9805496, -1.6857757e-7, 0.19627148), (-1, -5.8448176e-8, 8.749744e-11), (-0.9805496, 7.8593764e-8, -0.19627146), (-0.92297393, -1.6133022e-7, -0.3848625), (-0.8295617, -7.383769e-8, -0.558415), (-0.70401967, 1.3439048e-7, -0.7101805), (-0.55130875, 8.192698e-8, -0.8343013), (-0.37743106, 4.4027512e-8, -0.92603767), (-0.189184, 4.756584e-9, -0.98194164), (0.0061256643, -1.8188672e-8, -0.9999812), (0.20096916, 2.7030032e-8, -0.97959757), (0.38788694, 1.6582666e-8, -0.921707), (0.5597751, -7.040291e-8, -0.8286446), (0.710141, -6.572125e-8, -0.7040595), (0.83333963, 1.089195e-7, -0.5527613), (0.92476594, 1.2786671e-7, -0.38053644), (0.98101526, -8.4609816e-8, -0.19393063), (0.9807853, 0.19509028, -4.2272095e-8), (0.9621655, 0.19138658, 0.1939298), (0.90699625, 0.18041287, 0.38053784), (0.8173268, 0.1625765, 0.55276203), (0.69649667, 0.13854174, 0.70405865), (0.54902, 0.109206766, 0.82864404), (0.38043377, 0.07567286, 0.921707), (0.1971074, 0.03920708, 0.9795976), (0.006008162, 0.0011950884, 0.9999812), (-0.1855491, -0.036908016, 0.98194164), (-0.37017924, -0.07363333, 0.9260375), (-0.5407162, -0.10755512, 0.8343009), (-0.6904929, -0.1373475, 0.7101797), (-0.8136215, -0.16183943, 0.5584156), (-0.9052387, -0.18006313, 0.38486388), (-0.96170884, -0.19129531, 0.19627072), (-0.9807853, -0.19509017, 6.3429894e-8), (-0.9617088, -0.19129562, -0.19627078), (-0.90523875, -0.18006279, -0.3848639), (-0.8136216, -0.16183917, -0.55841565), (-0.69049287, -0.13734767, -0.7101797), (-0.5407161, -0.10755522, -0.8343009), (-0.37017924, -0.073633395, -0.9260375), (-0.18554911, -0.036908068, -0.9819416), (0.006008173, 0.0011950881, -0.9999812), (0.19710745, 0.03920709, -0.9795976), (0.3804337, 0.07567281, -0.92170703), (0.54902, 0.109206855, -0.82864404), (0.69649667, 0.13854185, -0.70405865), (0.81732684, 0.16257633, -0.552762), (0.90699625, 0.18041268, -0.38053784), (0.9621654, 0.19138682, -0.19392978), (0.92387956, 0.3826833, -1.8461277e-8), (0.9063396, 0.3754185, 0.1939317), (0.85437196, 0.3538925, 0.38053727), (0.7699056, 0.31890514, 0.5527611), (0.6560855, 0.27175942, 0.7040587), (0.51716554, 0.21421681, 0.82864404), (0.35836095, 0.14843804, 0.9217069), (0.1856709, 0.07690745, 0.9795976), (0.0056597865, 0.0023443652, 0.9999812), (-0.17478307, -0.07239755, 0.9819417), (-0.34870112, -0.14443675, 0.92603755), (-0.50934327, -0.21097699, 0.834301), (-0.6504299, -0.26941708, 0.7101798), (-0.76641566, -0.3174597, 0.5584141), (-0.85271674, -0.3532067, 0.3848626), (-0.9059094, -0.37524015, 0.19627261), (-0.92387944, -0.3826837, -6.010382e-8), (-0.9059096, -0.3752398, -0.19627246), (-0.8527165, -0.35320705, -0.38486272), (-0.7664156, -0.3174599, -0.55841416), (-0.65043, -0.26941702, -0.71017975), (-0.50934327, -0.21097702, -0.834301), (-0.34870112, -0.14443676, -0.92603755), (-0.17478308, -0.0723975, -0.9819417), (0.0056597707, 0.0023443801, -0.9999812), (0.18567093, 0.07690739, -0.9795976), (0.35836095, 0.14843814, -0.92170686), (0.51716554, 0.21421693, -0.82864404), (0.65608543, 0.2717594, -0.70405877), (0.7699056, 0.3189052, -0.5527611), (0.85437196, 0.3538926, -0.38053724), (0.9063397, 0.37541825, -0.19393167), (0.83146954, 0.55557036, 5.2237077e-8), (0.81568474, 0.54502255, 0.19393006), (0.76891446, 0.5137722, 0.38053733), (0.69289696, 0.4629788, 0.5527607), (0.5904613, 0.3945336, 0.7040587), (0.4654356, 0.31099418, 0.8286449), (0.32251576, 0.21549831, 0.92170715), (0.16709979, 0.11165252, 0.97959757), (0.005093665, 0.0034034695, 0.9999812), (-0.15730065, -0.105104975, 0.9819417), (-0.31382236, -0.2096894, 0.9260377), (-0.4583967, -0.30629072, 0.8343012), (-0.585372, -0.39113283, 0.7101794), (-0.6897557, -0.46088016, 0.55841434), (-0.76742387, -0.51277673, 0.3848644), (-0.8152972, -0.54476434, 0.19627109), (-0.8314696, -0.55557024, -1.9209672e-7), (-0.8152971, -0.5447645, -0.19627085), (-0.76742405, -0.5127765, -0.3848644), (-0.6897557, -0.46088013, -0.5584144), (-0.58537185, -0.39113313, -0.7101793), (-0.45839664, -0.30629066, -0.83430123), (-0.31382245, -0.20968927, -0.9260377), (-0.15730067, -0.105104975, -0.98194164), (0.0050936583, 0.0034034825, -0.9999812), (0.16709973, 0.111652575, -0.97959757), (0.32251588, 0.2154982, -0.92170715), (0.4654357, 0.31099412, -0.8286449), (0.5904612, 0.39453366, -0.70405877), (0.6928969, 0.46297884, -0.5527608), (0.76891446, 0.51377225, -0.38053727), (0.81568456, 0.5450227, -0.19393015), (0.70710677, 0.70710677, -1.7207656e-8), (0.6936823, 0.6936825, 0.19393162), (0.6539079, 0.653908, 0.3805375), (0.58926034, 0.5892604, 0.5527607), (0.5021455, 0.5021454, 0.70405954), (0.39582044, 0.39582062, 0.8286448), (0.2742779, 0.27427784, 0.92170674), (0.14210647, 0.14210647, 0.9795976), (0.004331647, 0.004331646, 0.9999812), (-0.13377342, -0.13377343, 0.98194164), (-0.2668848, -0.26688462, 0.9260373), (-0.3898341, -0.38983405, 0.83430135), (-0.49781698, -0.4978169, 0.7101807), (-0.586589, -0.5865891, 0.5584144), (-0.6526409, -0.6526407, 0.38486364), (-0.6933533, -0.6933534, 0.19627102), (-0.70710695, -0.7071066, -2.5918775e-8), (-0.6933533, -0.6933534, -0.19627099), (-0.6526407, -0.6526409, -0.38486364), (-0.586589, -0.5865891, -0.5584144), (-0.49781722, -0.49781665, -0.71018064), (-0.38983405, -0.38983396, -0.8343014), (-0.2668847, -0.2668848, -0.9260373), (-0.13377339, -0.13377345, -0.98194164), (0.0043316483, 0.004331645, -0.9999812), (0.14210649, 0.14210649, -0.9795976), (0.27427778, 0.2742778, -0.9217068), (0.3958205, 0.39582074, -0.8286447), (0.5021455, 0.5021453, -0.7040596), (0.58926034, 0.5892604, -0.5527607), (0.65390795, 0.6539079, -0.38053754), (0.6936825, 0.6936823, -0.1939316), (0.5555699, 0.83146983, 9.0645294e-8), (0.545023, 0.81568444, 0.19393006), (0.51377225, 0.7689147, 0.38053674), (0.46297893, 0.6928969, 0.5527607), (0.39453325, 0.59046054, 0.7040596), (0.31099418, 0.46543568, 0.8286448), (0.2154989, 0.32251677, 0.9217067), (0.11165214, 0.16709939, 0.9795977), (0.003403242, 0.005093357, 0.9999812), (-0.10510508, -0.15730084, 0.98194164), (-0.20968956, -0.31382287, 0.92603755), (-0.30629072, -0.45839643, 0.83430135), (-0.3911328, -0.58537143, 0.71017987), (-0.4608803, -0.68975556, 0.5584144), (-0.5127763, -0.76742405, 0.38486463), (-0.5447641, -0.81529737, 0.19627088), (-0.5555701, -0.8314697, 2.059415e-9), (-0.5447641, -0.81529737, -0.19627093), (-0.5127764, -0.7674241, -0.38486442), (-0.46088007, -0.6897556, -0.5584145), (-0.3911327, -0.5853714, -0.7101799), (-0.30629086, -0.4583965, -0.83430123), (-0.20968959, -0.31382284, -0.92603755), (-0.105105065, -0.15730083, -0.98194164), (0.0034032606, 0.0050933277, -0.9999812), (0.11165218, 0.1670994, -0.9795977), (0.21549879, 0.32251683, -0.9217067), (0.31099418, 0.46543568, -0.8286448), (0.39453322, 0.59046054, -0.7040596), (0.46297896, 0.69289684, -0.5527608), (0.51377225, 0.76891476, -0.3805367), (0.5450229, 0.81568444, -0.19393012), (0.3826835, 0.9238795, 6.01388e-8), (0.3754186, 0.90634, 0.19392958), (0.35389265, 0.85437226, 0.38053656), (0.31890565, 0.7699059, 0.55276036), (0.27175912, 0.65608454, 0.70405966), (0.2142164, 0.5171642, 0.828645), (0.14843766, 0.35836065, 0.92170703), (0.076907314, 0.18567093, 0.9795977), (0.0023442775, 0.0056595793, 0.9999812), (-0.07239759, -0.17478326, 0.98194164), (-0.14443673, -0.34870115, 0.92603755), (-0.21097708, -0.5093436, 0.83430076), (-0.26941714, -0.6504303, 0.71017945), (-0.31745914, -0.7664145, 0.55841607), (-0.35320637, -0.85271573, 0.38486513), (-0.37524033, -0.90590984, 0.19627044), (-0.38268346, -0.9238795, 2.527362e-7), (-0.3752401, -0.90590984, -0.19627081), (-0.35320663, -0.8527157, -0.38486493), (-0.31745955, -0.7664142, -0.5584162), (-0.26941705, -0.6504304, -0.7101794), (-0.21097684, -0.50934374, -0.83430076), (-0.14443675, -0.34870112, -0.92603755), (-0.07239763, -0.17478327, -0.98194164), (0.0023442754, 0.005659576, -0.9999812), (0.07690735, 0.18567091, -0.9795977), (0.14843778, 0.35836068, -0.92170703), (0.21421638, 0.5171641, -0.82864505), (0.27175912, 0.6560846, -0.70405966), (0.3189055, 0.769906, -0.5527604), (0.3538926, 0.85437226, -0.3805365), (0.37541854, 0.90634, -0.19392969), (0.19509049, 0.98078525, -7.614001e-8), (0.19138682, 0.9621654, 0.19392978), (0.18041259, 0.9069964, 0.38053745), (0.1625765, 0.817327, 0.5527616), (0.13854162, 0.69649553, 0.70405984), (0.10920653, 0.5490185, 0.82864505), (0.07567298, 0.38043365, 0.92170703), (0.039207235, 0.1971076, 0.97959757), (0.0011951766, 0.006008403, 0.9999812), (-0.036907993, -0.18554908, 0.98194164), (-0.073633336, -0.3701793, 0.9260375), (-0.10755483, -0.5407151, 0.8343016), (-0.13734762, -0.69049305, 0.7101795), (-0.16183962, -0.81362236, 0.55841434), (-0.18006326, -0.9052388, 0.3848636), (-0.19129589, -0.9617084, 0.19627227), (-0.19509059, -0.98078525, 1.0732579e-7), (-0.19129618, -0.9617083, -0.19627242), (-0.18006322, -0.90523875, -0.38486367), (-0.16183926, -0.8136226, -0.55841416), (-0.13734752, -0.6904931, -0.7101795), (-0.107555024, -0.54071504, -0.8343016), (-0.07363333, -0.37017924, -0.9260375), (-0.03690801, -0.18554913, -0.9819416), (0.0011951394, 0.006008429, -0.9999812), (0.03920719, 0.19710757, -0.97959757), (0.075673, 0.38043368, -0.92170703), (0.109206595, 0.54901844, -0.8286451), (0.13854167, 0.69649553, -0.7040598), (0.16257665, 0.81732696, -0.5527617), (0.18041277, 0.9069964, -0.38053748), (0.19138674, 0.9621655, -0.19392969), (-8.642857e-9, 1, -6.0837935e-9), (-9.4724015e-8, 0.98101526, 0.19393063), (9.495276e-8, 0.92476594, 0.3805364), (5.8862582e-8, 0.83333963, 0.5527613), (9.9286765e-9, 0.71014094, 0.70405954), (6.043824e-8, 0.55977505, 0.8286446), (1.8221208e-8, 0.387887, 0.9217069), (9.0705266e-9, 0.20096923, 0.97959757), (-2.249094e-8, 0.0061258823, 0.9999812), (-1.8537799e-8, -0.18918441, 0.9819416), (-2.0251314e-8, -0.3774317, 0.92603743), (-5.2137402e-8, -0.55130863, 0.83430135), (1.3223524e-7, -0.7040196, 0.7101805), (1.2521976e-7, -0.8295618, 0.5584149), (-1.3888335e-7, -0.92297393, 0.3848625), (-1.08593376e-7, -0.9805496, 0.19627164), (4.4329697e-18, -1, 6.2061575e-17), (1.08593376e-7, -0.9805496, -0.19627164), (1.3888335e-7, -0.92297393, -0.3848625), (-1.2521976e-7, -0.8295618, -0.5584149), (-1.3223524e-7, -0.7040196, -0.7101805), (5.2137402e-8, -0.55130863, -0.83430135), (2.0251314e-8, -0.3774317, -0.92603743), (1.8537799e-8, -0.18918441, -0.9819416), (2.249094e-8, 0.0061258823, -0.9999812), (-5.8813288e-9, 0.20096923, -0.97959757), (-8.706778e-9, 0.38788697, -0.9217069), (-6.2873724e-8, 0.55977505, -0.8286446), (-3.3657805e-8, 0.71014094, -0.70405954), (-7.5458075e-8, 0.83333963, -0.55276126), (-9.109649e-8, 0.92476594, -0.38053644), (8.1868606e-8, 0.98101526, -0.19393061), (-0.1950906, 0.98078525, 8.807373e-8), (-0.19138652, 0.96216553, 0.1939295), (-0.18041302, 0.90699637, 0.38053745), (-0.16257651, 0.8173268, 0.55276203), (-0.13854167, 0.69649565, 0.70405966), (-0.10920667, 0.5490186, 0.82864493), (-0.07567308, 0.38043374, 0.921707), (-0.039207164, 0.19710751, 0.97959757), (-0.0011951394, 0.006008429, 0.9999812), (0.036908016, -0.18554911, 0.9819416), (0.073633336, -0.37017927, 0.9260375), (0.107555, -0.5407151, 0.8343016), (0.13734752, -0.69049305, 0.71017957), (0.16183934, -0.81362253, 0.55841416), (0.18006326, -0.90523875, 0.38486367), (0.19129618, -0.9617083, 0.19627242), (0.19509059, -0.98078525, -1.0732579e-7), (0.19129589, -0.9617084, -0.19627227), (0.18006326, -0.9052388, -0.3848636), (0.16183966, -0.81362236, -0.55841434), (0.13734768, -0.69049305, -0.7101795), (0.10755482, -0.5407151, -0.8343016), (0.07363332, -0.37017933, -0.9260375), (0.036908, -0.18554908, -0.98194164), (-0.0011951744, 0.0060084057, -0.9999812), (-0.039207194, 0.19710754, -0.97959757), (-0.07567306, 0.38043368, -0.921707), (-0.10920663, 0.5490187, -0.82864493), (-0.13854162, 0.6964956, -0.7040597), (-0.16257632, 0.81732684, -0.552762), (-0.18041289, 0.9069964, -0.3805374), (-0.19138663, 0.96216553, -0.1939296), (-0.3826835, 0.9238795, -7.1380114e-8), (-0.3754186, 0.90634, 0.19392969), (-0.35389265, 0.8543721, 0.38053685), (-0.31890532, 0.7699058, 0.5527607), (-0.27175912, 0.6560846, 0.70405966), (-0.21421643, 0.5171643, 0.82864493), (-0.1484379, 0.35836083, 0.921707), (-0.07690737, 0.18567091, 0.9795976), (-0.0023442828, 0.0056596156, 0.9999812), (0.07239763, -0.17478336, 0.98194164), (0.1444368, -0.34870145, 0.92603743), (0.21097687, -0.5093434, 0.83430094), (0.2694169, -0.6504301, 0.71017975), (0.3174595, -0.7664145, 0.5584159), (0.3532067, -0.8527158, 0.3848646), (0.37524003, -0.9059099, 0.19627076), (0.3826834, -0.92387956, -2.088747e-7), (0.37524024, -0.90590984, -0.19627047), (0.3532065, -0.85271585, -0.38486472), (0.31745917, -0.7664147, -0.5584158), (0.2694168, -0.65043, -0.71017987), (0.2109771, -0.5093434, -0.8343009), (0.14443687, -0.3487014, -0.92603743), (0.07239759, -0.17478336, -0.98194164), (-0.0023442907, 0.005659615, -0.9999812), (-0.07690732, 0.18567091, -0.9795977), (-0.14843784, 0.3583608, -0.921707), (-0.21421643, 0.5171643, -0.82864493), (-0.27175912, 0.6560846, -0.70405966), (-0.31890547, 0.76990575, -0.5527608), (-0.35389262, 0.8543721, -0.38053685), (-0.37541863, 0.90634, -0.19392957), (-0.55557007, 0.8314697, -4.1278234e-8), (-0.54502285, 0.8156845, 0.19393012), (-0.5137723, 0.76891494, 0.38053617), (-0.4629788, 0.69289666, 0.55276114), (-0.39453307, 0.5904605, 0.7040597), (-0.3109943, 0.4654358, 0.8286447), (-0.21549864, 0.32251674, 0.92170674), (-0.11165228, 0.16709955, 0.9795976), (-0.003403264, 0.005093335, 0.9999812), (0.10510513, -0.157301, 0.9819416), (0.20968951, -0.31382248, 0.92603767), (0.3062907, -0.45839635, 0.8343014), (0.39113283, -0.5853716, 0.7101797), (0.4608801, -0.6897556, 0.55841446), (0.5127764, -0.7674244, 0.38486388), (0.5447642, -0.8152973, 0.19627096), (0.5555701, -0.83146966, 4.2085276e-8), (0.5447643, -0.81529725, -0.19627094), (0.5127764, -0.7674243, -0.38486406), (0.46088022, -0.6897556, -0.5584144), (0.39113307, -0.5853716, -0.71017957), (0.30629057, -0.4583963, -0.8343015), (0.2096894, -0.31382257, -0.92603767), (0.105105154, -0.15730098, -0.9819416), (-0.0034032508, 0.0050933566, -0.9999812), (-0.11165228, 0.16709952, -0.9795976), (-0.21549875, 0.3225167, -0.92170674), (-0.3109942, 0.46543577, -0.82864475), (-0.39453307, 0.59046054, -0.70405966), (-0.46297878, 0.69289666, -0.55276114), (-0.5137725, 0.7689149, -0.38053617), (-0.5450229, 0.8156845, -0.1939301), (-0.70710665, 0.7071069, -2.38852e-8), (-0.69368255, 0.6936825, 0.19393085), (-0.653908, 0.6539079, 0.38053748), (-0.5892601, 0.58926016, 0.55276126), (-0.5021456, 0.5021456, 0.70405936), (-0.39582095, 0.3958211, 0.82864434), (-0.27427757, 0.27427757, 0.9217069), (-0.14210644, 0.14210643, 0.9795976), (-0.0043315324, 0.004331521, 0.9999812), (0.13377348, -0.13377349, 0.9819416), (0.26688468, -0.26688477, 0.9260373), (0.38983378, -0.38983375, 0.83430165), (0.49781713, -0.4978168, 0.71018064), (0.5865892, -0.58658934, 0.55841386), (0.65264076, -0.6526408, 0.3848636), (0.69335324, -0.69335324, 0.19627173), (0.70710695, -0.7071066, 9.812804e-8), (0.6933532, -0.69335324, -0.19627184), (0.6526408, -0.65264076, -0.3848636), (0.5865893, -0.5865893, -0.55841386), (0.49781692, -0.49781704, -0.71018064), (0.3898337, -0.38983378, -0.8343017), (0.26688483, -0.26688468, -0.9260373), (0.13377349, -0.13377348, -0.9819416), (-0.004331522, 0.0043315315, -0.9999812), (-0.14210643, 0.14210644, -0.9795976), (-0.27427757, 0.27427763, -0.9217069), (-0.39582103, 0.39582095, -0.8286444), (-0.5021456, 0.5021456, -0.70405936), (-0.5892601, 0.5892602, -0.5527612), (-0.6539079, 0.653908, -0.38053748), (-0.6936825, 0.6936825, -0.19393083), (-0.8314696, 0.5555703, -8.00103e-9), (-0.8156845, 0.5450227, 0.19393058), (-0.7689147, 0.5137726, 0.3805364), (-0.6928968, 0.4629789, 0.55276084), (-0.59046096, 0.39453343, 0.7040591), (-0.46543556, 0.3109939, 0.828645), (-0.32251626, 0.21549839, 0.921707), (-0.16709968, 0.11165249, 0.97959757), (-0.0050935075, 0.003403371, 0.9999812), (0.15730076, -0.10510503, 0.98194164), (0.31382272, -0.20968959, 0.92603755), (0.45839646, -0.3062907, 0.83430135), (0.58537143, -0.39113298, 0.71017975), (0.6897557, -0.46088013, 0.5584144), (0.7674243, -0.5127766, 0.38486367), (0.8152972, -0.54476404, 0.19627185), (0.8314694, -0.55557054, -6.50019e-8), (0.81529707, -0.5447642, -0.19627182), (0.7674243, -0.5127767, -0.38486362), (0.6897557, -0.46088013, -0.5584144), (0.5853715, -0.39113274, -0.71017987), (0.45839658, -0.3062907, -0.83430123), (0.31382263, -0.20968966, -0.9260376), (0.15730074, -0.10510506, -0.98194164), (-0.0050935033, 0.003403363, -0.9999812), (-0.16709974, 0.111652456, -0.97959757), (-0.3225162, 0.2154984, -0.921707), (-0.46543548, 0.3109941, -0.828645), (-0.5904609, 0.3945334, -0.7040592), (-0.69289696, 0.4629788, -0.5527607), (-0.76891476, 0.51377237, -0.38053653), (-0.81568444, 0.5450228, -0.1939305), (-0.92387956, 0.38268337, 6.3814475e-8), (-0.90634, 0.37541857, 0.19392964), (-0.8543719, 0.3538924, 0.38053757), (-0.7699052, 0.31890494, 0.55276185), (-0.656085, 0.2717592, 0.7040592), (-0.51716495, 0.21421671, 0.82864445), (-0.35836095, 0.14843808, 0.92170686), (-0.18567091, 0.07690737, 0.9795976), (-0.0056596766, 0.002344334, 0.9999812), (0.17478341, -0.07239768, 0.98194164), (0.3487014, -0.14443685, 0.92603743), (0.5093428, -0.21097666, 0.83430135), (0.6504296, -0.26941666, 0.7101803), (0.76641524, -0.3174594, 0.5584149), (0.8527163, -0.3532067, 0.38486344), (0.90590984, -0.37524015, 0.19627064), (0.9238795, -0.38268346, -9.501906e-10), (0.90590996, -0.3752399, -0.19627066), (0.8527163, -0.3532067, -0.38486347), (0.7664153, -0.31745946, -0.5584148), (0.6504295, -0.26941672, -0.71018034), (0.5093428, -0.21097669, -0.83430135), (0.3487014, -0.1444368, -0.92603743), (0.17478344, -0.07239767, -0.98194164), (-0.005659687, 0.0023443166, -0.9999812), (-0.1856709, 0.07690741, -0.9795976), (-0.35836095, 0.14843804, -0.9217069), (-0.517165, 0.21421662, -0.82864445), (-0.6560851, 0.27175927, -0.7040592), (-0.76990515, 0.3189051, -0.55276185), (-0.85437185, 0.35389248, -0.38053754), (-0.90634, 0.37541845, -0.19392976), (-0.98078525, 0.19509038, -1.4560184e-8), (-0.96216536, 0.19138668, 0.19393027), (-0.9069964, 0.18041274, 0.38053745), (-0.81732726, 0.1625765, 0.55276126), (-0.6964963, 0.13854176, 0.704059), (-0.5490192, 0.1092068, 0.8286445), (-0.3804338, 0.07567294, 0.921707), (-0.1971073, 0.03920711, 0.9795976), (-0.006008175, 0.0011950942, 0.9999812), (0.18554917, -0.036908023, 0.9819416), (0.3701793, -0.073633276, 0.9260375), (0.5407156, -0.10755496, 0.83430123), (0.6904924, -0.1373475, 0.71018016), (0.81362206, -0.1618396, 0.5584148), (0.905239, -0.18006332, 0.38486308), (0.9617086, -0.1912955, 0.19627164), (0.9807853, -0.19509017, 1.1150043e-7), (0.96170855, -0.19129564, -0.19627176), (0.905239, -0.18006323, -0.38486305), (0.813622, -0.16183957, -0.5584149), (0.6904924, -0.1373475, -0.71018016), (0.54071563, -0.107554935, -0.83430123), (0.3701793, -0.073633276, -0.9260375), (0.18554917, -0.036908016, -0.9819416), (-0.0060081743, 0.0011951004, -0.9999812), (-0.19710729, 0.039207097, -0.9795976), (-0.38043383, 0.07567296, -0.921707), (-0.5490192, 0.109206796, -0.8286445), (-0.6964963, 0.13854173, -0.704059), (-0.81732726, 0.16257642, -0.55276126), (-0.9069964, 0.18041275, -0.38053742), (-0.96216536, 0.19138674, -0.19393027), (-1, -5.609413e-19, -1.17797674e-17), (-0.9810153, 6.3264802e-9, 0.19393009), (-0.9247656, 1.655577e-8, 0.38053727), (-0.8333396, 1.3478079e-8, 0.55276144), (-0.71014136, 2.7119546e-8, 0.70405906), (-0.559775, -1.7523341e-9, 0.82864463), (-0.38788694, 6.2798615e-9, 0.921707), (-0.20096888, 1.1591382e-8, 0.9795976), (-0.006125839, -4.37761e-9, 0.9999812), (0.1891842, -4.3266075e-9, 0.98194164), (0.3774314, 8.376888e-9, 0.92603755), (0.5513087, 1.4894762e-8, 0.83430135), (0.70402014, -3.7143533e-8, 0.71018), (0.8295617, 1.8711757e-8, 0.558415), (0.9229736, 6.591225e-8, 0.38486338), (0.9805496, -4.3634326e-8, 0.19627155), (1, -5.8448403e-8, -8.760365e-11), (0.9805496, -4.6349598e-8, -0.19627157), (0.9229736, -8.835914e-8, -0.38486335), (0.8295617, -1.8711757e-8, -0.558415), (0.70402014, 3.7143533e-8, -0.71018), (0.5513087, -1.4894762e-8, -0.83430135), (0.3774314, -1.5399488e-8, -0.92603755), (0.1891842, -5.884856e-9, -0.98194164), (-0.0061258376, 2.5694298e-9, -0.9999812), (-0.20096889, -5.213039e-9, -0.9795976), (-0.38788694, 1.2748902e-8, -0.921707), (-0.559775, 2.2721489e-8, -0.82864463), (-0.71014136, 2.0338739e-8, -0.7040591), (-0.8333396, 5.308391e-8, -0.55276144), (-0.9247656, 3.84442e-8, -0.3805373), (-0.9810153, 1.0002981e-8, -0.19393007), (-0.98078525, -0.19509034, -3.3997654e-9), (-0.9621655, -0.19138658, 0.19392987), (-0.90699655, -0.18041293, 0.38053703), (-0.8173273, -0.16257642, 0.55276126), (-0.69649607, -0.13854177, 0.70405924), (-0.54901916, -0.1092066, 0.8286446), (-0.3804339, -0.075673066, 0.9217069), (-0.19710717, -0.039207038, 0.9795977), (-0.00600813, -0.0011951026, 0.9999812), (0.18554907, 0.036908068, 0.98194164), (0.37017918, 0.073633224, 0.92603755), (0.5407157, 0.1075549, 0.83430123), (0.69049245, 0.1373474, 0.71018016), (0.81362206, 0.16183944, 0.5584149), (0.9052392, 0.18006304, 0.3848627), (0.9617086, 0.19129583, 0.19627137), (0.9807853, 0.19509028, -1.1132866e-7), (0.96170866, 0.19129579, -0.19627123), (0.9052391, 0.18006328, -0.38486275), (0.813622, 0.16183953, -0.5584149), (0.69049245, 0.13734739, -0.71018016), (0.54071563, 0.107554875, -0.83430123), (0.3701792, 0.07363317, -0.92603755), (0.18554908, 0.036908064, -0.98194164), (-0.0060081366, -0.0011950935, -0.9999812), (-0.19710718, -0.039207015, -0.9795976), (-0.3804339, -0.075673096, -0.9217069), (-0.54901916, -0.10920658, -0.82864463), (-0.6964961, -0.13854177, -0.7040592), (-0.81732726, -0.16257648, -0.55276126), (-0.90699655, -0.18041293, -0.38053703), (-0.9621655, -0.1913866, -0.19392985), (-0.9238795, -0.38268343, 5.9089142e-9), (-0.9063401, -0.3754183, 0.19392969), (-0.85437214, -0.35389253, 0.38053685), (-0.7699051, -0.31890526, 0.5527618), (-0.65608495, -0.27175924, 0.70405924), (-0.5171649, -0.21421674, 0.82864445), (-0.3583607, -0.14843786, 0.92170703), (-0.18567099, -0.07690744, 0.9795976), (-0.0056596454, -0.0023442907, 0.9999812), (0.17478342, 0.07239769, 0.98194164), (0.34870178, 0.14443684, 0.9260373), (0.50934315, 0.21097678, 0.8343011), (0.6504295, 0.26941666, 0.71018034), (0.7664148, 0.3174595, 0.5584154), (0.8527161, 0.35320663, 0.3848641), (0.90590996, 0.37524, 0.1962706), (0.92387944, 0.38268358, 4.507109e-8), (0.90590984, 0.37524018, -0.19627063), (0.8527162, 0.35320637, -0.3848641), (0.7664149, 0.31745934, -0.5584155), (0.65042955, 0.26941666, -0.7101803), (0.5093431, 0.21097684, -0.8343012), (0.34870175, 0.14443694, -0.9260373), (0.17478344, 0.072397694, -0.9819416), (-0.005659639, -0.0023443063, -0.9999812), (-0.18567097, -0.076907456, -0.9795976), (-0.35836074, -0.14843783, -0.92170703), (-0.5171649, -0.21421677, -0.82864445), (-0.65608495, -0.2717592, -0.70405924), (-0.76990515, -0.3189052, -0.5527618), (-0.85437214, -0.3538926, -0.38053682), (-0.90634006, -0.37541834, -0.1939297), (-0.83146966, -0.5555702, 1.6931955e-8), (-0.81568444, -0.545023, 0.19392984), (-0.7689143, -0.5137723, 0.38053754), (-0.6928966, -0.4629787, 0.55276126), (-0.5904612, -0.39453351, 0.7040589), (-0.46543595, -0.31099433, 0.82864463), (-0.3225162, -0.21549843, 0.921707), (-0.16709942, -0.11165223, 0.9795976), (-0.0050934893, -0.0034033672, 0.9999812), (0.15730092, 0.1051051, 0.98194164), (0.31382304, 0.20968987, 0.9260374), (0.4583964, 0.3062908, 0.8343013), (0.58537096, 0.39113256, 0.7101804), (0.68975544, 0.4608799, 0.5584149), (0.7674246, 0.5127767, 0.38486314), (0.81529707, 0.5447642, 0.19627178), (0.83146954, 0.5555703, 4.955253e-8), (0.8152972, 0.54476404, -0.19627184), (0.76742446, 0.5127768, -0.38486317), (0.6897554, 0.46087998, -0.5584148), (0.58537096, 0.39113256, -0.7101804), (0.45839643, 0.30629078, -0.8343013), (0.31382304, 0.20968983, -0.92603743), (0.15730092, 0.1051051, -0.98194164), (-0.005093495, -0.0034033582, -0.9999812), (-0.16709943, -0.111652225, -0.9795976), (-0.32251617, -0.21549845, -0.921707), (-0.46543598, -0.31099433, -0.82864463), (-0.59046113, -0.39453351, -0.7040589), (-0.6928966, -0.4629787, -0.55276126), (-0.76891434, -0.51377225, -0.38053748), (-0.81568444, -0.545023, -0.19392991), (-0.7071067, -0.7071068, -6.7330794e-9), (-0.6936827, -0.69368255, 0.19393009), (-0.6539079, -0.653908, 0.38053748), (-0.5892604, -0.5892602, 0.55276084), (-0.50214595, -0.50214607, 0.70405877), (-0.39582074, -0.3958207, 0.82864463), (-0.27427736, -0.27427745, 0.92170703), (-0.14210637, -0.14210637, 0.9795976), (-0.0043317205, -0.004331718, 0.9999812), (0.1337734, 0.13377342, 0.98194164), (0.2668845, 0.26688457, 0.92603743), (0.38983408, 0.3898341, 0.83430135), (0.4978171, 0.49781725, 0.71018034), (0.5865887, 0.5865888, 0.558415), (0.6526408, 0.6526408, 0.3848635), (0.6933533, 0.69335335, 0.19627109), (0.70710695, 0.70710665, -8.5168786e-8), (0.69335324, 0.6933534, -0.196271), (0.65264094, 0.6526407, -0.38486353), (0.5865887, 0.5865888, -0.558415), (0.49781713, 0.4978172, -0.7101804), (0.38983414, 0.3898341, -0.83430135), (0.26688448, 0.26688457, -0.92603743), (0.13377342, 0.13377342, -0.98194164), (-0.0043317107, -0.0043317294, -0.9999812), (-0.14210637, -0.14210634, -0.9795976), (-0.2742774, -0.2742775, -0.921707), (-0.3958207, -0.39582065, -0.82864463), (-0.50214595, -0.5021462, -0.7040587), (-0.5892603, -0.5892603, -0.5527609), (-0.6539079, -0.653908, -0.38053748), (-0.69368273, -0.6936825, -0.19393009), (-0.5555703, -0.83146954, -1.9892743e-8), (-0.54502296, -0.81568444, 0.19393006), (-0.5137721, -0.76891434, 0.38053778), (-0.46297854, -0.6928963, 0.5527618), (-0.39453357, -0.59046113, 0.7040589), (-0.31099442, -0.4654361, 0.8286445), (-0.21549828, -0.32251593, 0.9217071), (-0.11165238, -0.16709954, 0.9795976), (-0.0034033589, -0.005093488, 0.9999812), (0.10510512, 0.15730092, 0.98194164), (0.20968969, 0.31382284, 0.9260375), (0.30629084, 0.45839664, 0.8343012), (0.39113253, 0.58537126, 0.7101801), (0.46087986, 0.6897553, 0.55841506), (0.51277673, 0.7674245, 0.38486314), (0.54476434, 0.8152972, 0.19627088), (0.5555703, 0.83146954, 2.9790945e-8), (0.54476434, 0.8152972, -0.19627097), (0.51277673, 0.7674245, -0.38486308), (0.46087983, 0.6897553, -0.55841506), (0.39113247, 0.5853713, -0.7101801), (0.3062908, 0.45839664, -0.8343012), (0.20968972, 0.3138228, -0.9260375), (0.1051051, 0.15730092, -0.98194164), (-0.0034033628, -0.0050934874, -0.9999812), (-0.111652344, -0.16709955, -0.9795976), (-0.21549833, -0.3225159, -0.9217071), (-0.3109944, -0.46543613, -0.8286445), (-0.39453357, -0.5904612, -0.7040588), (-0.4629787, -0.6928961, -0.5527619), (-0.51377213, -0.76891434, -0.38053772), (-0.5450229, -0.8156845, -0.19393004), (-0.38268325, -0.9238796, -8.511194e-9), (-0.37541828, -0.9063399, 0.19393067), (-0.35389253, -0.85437214, 0.3805369), (-0.31890547, -0.76990575, 0.5527608), (-0.27175933, -0.6560851, 0.7040591), (-0.2142167, -0.5171648, 0.8286445), (-0.14843799, -0.35836077, 0.921707), (-0.076907344, -0.18567082, 0.9795977), (-0.0023442481, -0.0056595313, 0.9999812), (0.07239762, 0.17478335, 0.98194164), (0.14443691, 0.3487014, 0.92603743), (0.21097685, 0.5093429, 0.83430123), (0.26941663, 0.6504295, 0.71018034), (0.31745952, 0.76641506, 0.5584151), (0.35320684, 0.8527165, 0.38486293), (0.37524003, 0.9059099, 0.19627059), (0.38268363, 0.92387944, -5.9064217e-8), (0.37524003, 0.90590996, -0.19627053), (0.35320675, 0.85271657, -0.38486287), (0.31745952, 0.766415, -0.5584152), (0.26941672, 0.6504296, -0.7101802), (0.21097678, 0.5093429, -0.83430123), (0.14443688, 0.3487014, -0.92603743), (0.07239765, 0.17478333, -0.98194164), (-0.002344258, -0.0056595244, -0.9999812), (-0.076907374, -0.18567084, -0.9795977), (-0.14843792, -0.35836077, -0.921707), (-0.21421671, -0.5171648, -0.8286445), (-0.27175942, -0.656085, -0.7040592), (-0.3189053, -0.7699058, -0.5527607), (-0.35389242, -0.8543722, -0.3805369), (-0.37541837, -0.9063399, -0.19393066), (-0.19509044, -0.98078525, 3.1090364e-9), (-0.19138652, -0.9621654, 0.19393012), (-0.1804129, -0.90699637, 0.38053742), (-0.16257639, -0.81732726, 0.5527614), (-0.13854185, -0.6964967, 0.7040586), (-0.109206684, -0.54901934, 0.8286445), (-0.075672895, -0.38043344, 0.9217071), (-0.03920702, -0.1971071, 0.9795977), (-0.0011950979, -0.0060081803, 0.9999812), (0.03690803, 0.18554918, 0.9819416), (0.07363325, 0.3701793, 0.9260375), (0.10755482, 0.5407151, 0.8343016), (0.13734755, 0.69049245, 0.71018016), (0.16183953, 0.813622, 0.55841494), (0.18006301, 0.9052388, 0.38486356), (0.1912958, 0.96170884, 0.19627027), (0.1950903, 0.9807853, -6.717758e-8), (0.19129574, 0.9617089, -0.19627017), (0.18006311, 0.9052388, -0.3848636), (0.16183947, 0.813622, -0.55841494), (0.13734747, 0.69049245, -0.7101801), (0.10755493, 0.54071504, -0.8343016), (0.07363329, 0.3701793, -0.9260375), (0.036907993, 0.18554921, -0.9819416), (-0.0011951003, -0.0060081817, -0.9999812), (-0.03920704, -0.19710709, -0.9795977), (-0.07567294, -0.38043347, -0.9217071), (-0.10920666, -0.5490193, -0.8286445), (-0.13854174, -0.6964967, -0.7040586), (-0.16257645, -0.81732726, -0.5527613), (-0.18041296, -0.90699637, -0.3805375), (-0.19138648, -0.9621654, -0.19393009), (-8.642888e-9, -1, 6.0838183e-9), (-9.067706e-9, -0.9810153, 0.19393007), (-1.7566784e-8, -0.9247656, 0.38053733), (9.247605e-9, -0.8333396, 0.5527614), (2.070236e-8, -0.71014166, 0.7040588), (5.7768696e-9, -0.5597751, 0.8286446), (-6.1864225e-9, -0.38788667, 0.9217071), (-2.2154673e-8, -0.20096894, 0.9795976), (-9.433383e-9, -0.0061260136, 0.9999812), (-2.1383787e-8, 0.18918413, 0.98194164), (2.9095698e-8, 0.37743187, 0.9260374), (4.4320398e-8, 0.5513086, 0.8343014), (-4.8084754e-8, 0.70401967, 0.7101805), (-2.2201633e-8, 0.8295617, 0.558415), (2.5262052e-8, 0.9229735, 0.38486344), (-1.3634585e-8, 0.9805498, 0.19627039), (-8.8659385e-18, 1, 6.6494535e-17), (1.3634585e-8, 0.9805498, -0.19627039), (-2.5262052e-8, 0.9229735, -0.38486344), (2.2201633e-8, 0.8295617, -0.558415), (4.8084754e-8, 0.70401967, -0.7101805), (-4.4320398e-8, 0.5513086, -0.8343014), (-2.9095698e-8, 0.37743187, -0.9260374), (2.1383787e-8, 0.18918413, -0.98194164), (9.433383e-9, -0.0061260136, -0.9999812), (2.5343846e-8, -0.20096894, -0.9795976), (1.5700802e-8, -0.38788667, -0.9217071), (-8.212368e-9, -0.5597751, -0.8286446), (-4.4431513e-8, -0.71014166, -0.7040588), (-2.5843086e-8, -0.8333396, -0.5527614), (2.1423094e-8, -0.9247656, -0.3805373), (-3.7877617e-9, -0.9810153, -0.1939301), (0.19509032, -0.98078525, -1.5042827e-8), (0.1913867, -0.96216536, 0.1939303), (0.1804127, -0.90699637, 0.38053754), (0.1625766, -0.81732744, 0.55276096), (0.13854176, -0.69649667, 0.70405865), (0.109206595, -0.5490191, 0.82864463), (0.07567285, -0.38043344, 0.92170715), (0.03920707, -0.19710715, 0.9795977), (0.0011951003, -0.0060081817, 0.9999812), (-0.036907982, 0.18554921, 0.9819416), (-0.073633276, 0.37017927, 0.9260375), (-0.10755495, 0.54071504, 0.8343016), (-0.13734747, 0.6904925, 0.7101801), (-0.16183941, 0.813622, 0.55841494), (-0.18006308, 0.9052388, 0.38486362), (-0.19129574, 0.9617089, 0.19627017), (-0.1950903, 0.9807853, 6.717758e-8), (-0.1912958, 0.96170884, -0.19627027), (-0.18006301, 0.9052388, -0.38486356), (-0.16183949, 0.813622, -0.55841494), (-0.13734749, 0.69049245, -0.71018016), (-0.10755483, 0.5407151, -0.8343016), (-0.07363327, 0.37017927, -0.9260375), (-0.036908027, 0.18554918, -0.9819416), (0.0011951001, -0.0060081775, -0.9999812), (0.03920706, -0.19710717, -0.9795976), (0.07567281, -0.3804334, -0.92170715), (0.10920658, -0.5490191, -0.82864463), (0.13854185, -0.69649667, -0.70405865), (0.16257657, -0.81732744, -0.552761), (0.1804126, -0.9069964, -0.38053748), (0.19138673, -0.96216536, -0.19393028), (0.38268322, -0.9238796, 1.9752443e-8), (0.37541834, -0.9063399, 0.19393067), (0.35389236, -0.8543724, 0.38053656), (0.31890547, -0.769906, 0.5527604), (0.27175945, -0.656085, 0.7040592), (0.21421666, -0.51716465, 0.82864463), (0.1484378, -0.35836062, 0.92170703), (0.07690736, -0.18567084, 0.9795977), (0.0023442504, -0.0056594843, 0.9999812), (-0.07239765, 0.17478324, 0.98194164), (-0.14443682, 0.3487011, 0.92603755), (-0.21097675, 0.50934327, 0.83430105), (-0.2694169, 0.6504299, 0.71017987), (-0.31745955, 0.7664147, 0.55841553), (-0.3532067, 0.85271645, 0.38486323), (-0.3752401, 0.9059099, 0.19627057), (-0.3826837, 0.92387944, 1.5202602e-8), (-0.3752401, 0.9059099, -0.19627054), (-0.35320675, 0.8527164, -0.38486335), (-0.3174595, 0.7664148, -0.5584154), (-0.26941696, 0.65042984, -0.7101799), (-0.21097681, 0.5093432, -0.83430105), (-0.14443678, 0.34870115, -0.92603755), (-0.07239762, 0.17478324, -0.98194164), (0.0023442348, -0.0056594955, -0.9999812), (0.07690734, -0.18567084, -0.9795977), (0.14843783, -0.3583606, -0.92170703), (0.21421666, -0.51716465, -0.82864463), (0.27175936, -0.656085, -0.7040591), (0.31890565, -0.7699059, -0.55276036), (0.35389256, -0.85437226, -0.3805366), (0.37541825, -0.9063399, -0.19393069), (0.5555702, -0.83146966, -2.9474084e-8), (0.54502296, -0.81568444, 0.19393006), (0.5137721, -0.7689141, 0.38053825), (0.46297884, -0.6928963, 0.5527615), (0.39453372, -0.5904612, 0.7040587), (0.3109943, -0.46543598, 0.82864463), (0.21549848, -0.322516, 0.92170703), (0.11165224, -0.1670994, 0.9795976), (0.0034033593, -0.0050934795, 0.9999812), (-0.10510503, 0.15730076, 0.98194164), (-0.20968981, 0.31382316, 0.9260374), (-0.30629098, 0.4583968, 0.83430105), (-0.39113235, 0.5853711, 0.71018034), (-0.4608798, 0.6897553, 0.5584151), (-0.5127767, 0.7674243, 0.38486362), (-0.5447642, 0.81529725, 0.19627094), (-0.5555703, 0.8314696, -7.393579e-8), (-0.54476416, 0.81529737, -0.19627082), (-0.5127767, 0.7674243, -0.3848637), (-0.46087995, 0.68975526, -0.558415), (-0.39113227, 0.58537114, -0.7101804), (-0.30629098, 0.45839676, -0.83430105), (-0.20968984, 0.3138231, -0.9260374), (-0.10510504, 0.15730079, -0.98194164), (0.00340335, -0.0050934884, -0.9999812), (0.11165225, -0.1670994, -0.9795976), (0.21549845, -0.322516, -0.92170703), (0.3109944, -0.465436, -0.8286446), (0.39453372, -0.59046113, -0.7040588), (0.4629787, -0.69289654, -0.5527614), (0.51377183, -0.7689142, -0.38053834), (0.5450231, -0.8156844, -0.19393), (0.7071068, -0.7071067, 4.7826248e-8), (0.6936826, -0.6936824, 0.19393083), (0.65390784, -0.6539081, 0.3805375), (0.5892605, -0.5892606, 0.55276036), (0.5021459, -0.5021458, 0.70405895), (0.3958203, -0.3958203, 0.82864505), (0.2742776, -0.27427775, 0.92170686), (0.14210641, -0.1421064, 0.9795976), (0.0043318267, -0.0043318532, 0.9999812), (-0.13377333, 0.13377336, 0.98194164), (-0.2668845, 0.2668846, 0.92603743), (-0.3898344, 0.3898343, 0.8343011), (-0.4978172, 0.49781707, 0.7101804), (-0.5865885, 0.5865885, 0.5584155), (-0.6526408, 0.65264076, 0.3848636), (-0.6933533, 0.6933536, 0.19627026), (-0.70710695, 0.7071066, 1.2959877e-8), (-0.6933534, 0.6933535, -0.19627027), (-0.6526409, 0.6526407, -0.38486356), (-0.5865884, 0.5865886, -0.55841553), (-0.49781716, 0.4978171, -0.7101804), (-0.3898345, 0.38983434, -0.83430105), (-0.26688448, 0.26688454, -0.92603743), (-0.13377334, 0.13377337, -0.98194164), (0.0043318453, -0.0043318328, -0.9999812), (0.14210641, -0.1421064, -0.9795976), (0.2742777, -0.27427766, -0.92170686), (0.39582014, -0.39582038, -0.82864505), (0.5021459, -0.5021459, -0.70405895), (0.58926064, -0.58926046, -0.55276036), (0.65390795, -0.65390795, -0.3805375), (0.6936825, -0.6936825, -0.1939309), (0.8314696, -0.55557024, -6.116924e-8), (0.8156845, -0.545023, 0.19392948), (0.76891416, -0.51377195, 0.38053834), (0.6928967, -0.46297863, 0.5527612), (0.59046143, -0.39453372, 0.7040586), (0.46543613, -0.3109945, 0.82864445), (0.3225158, -0.21549824, 0.92170715), (0.16709946, -0.11165231, 0.9795976), (0.0050936453, -0.0034034695, 0.9999812), (-0.15730083, 0.10510505, 0.98194164), (-0.31382275, 0.20968951, 0.92603755), (-0.4583966, 0.30629075, 0.83430123), (-0.5853714, 0.3911327, 0.7101799), (-0.6897554, 0.46087998, 0.5584148), (-0.7674242, 0.5127766, 0.3848639), (-0.8152971, 0.54476446, 0.19627085), (-0.8314698, 0.55557, 2.0754686e-7), (-0.8152971, 0.5447644, -0.19627106), (-0.76742417, 0.51277673, -0.3848639), (-0.68975544, 0.46087992, -0.5584148), (-0.58537143, 0.39113268, -0.7101799), (-0.45839652, 0.30629086, -0.83430123), (-0.31382275, 0.2096896, -0.92603755), (-0.15730083, 0.10510501, -0.98194164), (0.005093651, -0.0034034736, -0.9999812), (0.16709946, -0.11165231, -0.9795976), (0.32251576, -0.21549834, -0.92170715), (0.46543604, -0.31099442, -0.8286445), (0.5904616, -0.39453372, -0.7040584), (0.6928966, -0.4629787, -0.55276126), (0.76891404, -0.51377213, -0.38053834), (0.81568474, -0.5450228, -0.19392939), (0.92387956, -0.38268337, -5.126281e-8), (0.90633976, -0.375418, 0.19393174), (0.8543722, -0.3538928, 0.3805365), (0.76990557, -0.31890547, 0.552761), (0.65608543, -0.27175936, 0.7040588), (0.5171654, -0.21421699, 0.8286441), (0.3583607, -0.14843789, 0.92170703), (0.18567099, -0.076907486, 0.9795976), (0.005659733, -0.0023443524, 0.9999812), (-0.1747831, 0.072397515, 0.9819417), (-0.34870145, 0.14443684, 0.92603743), (-0.5093435, 0.2109772, 0.83430076), (-0.65042996, 0.26941702, 0.71017975), (-0.7664152, 0.31745985, 0.55841476), (-0.8527163, 0.35320672, 0.3848634), (-0.9059096, 0.37523982, 0.19627245), (-0.9238794, 0.38268378, 1.5982485e-8), (-0.9059094, 0.37524024, -0.19627257), (-0.85271645, 0.35320663, -0.38486326), (-0.7664152, 0.31745973, -0.55841476), (-0.6504299, 0.26941702, -0.7101798), (-0.5093436, 0.21097709, -0.83430076), (-0.3487015, 0.14443678, -0.92603743), (-0.17478307, 0.07239756, -0.9819417), (0.005659745, -0.0023443394, -0.9999812), (0.18567097, -0.07690748, -0.9795976), (0.3583607, -0.14843786, -0.92170703), (0.5171655, -0.21421692, -0.8286441), (0.65608543, -0.2717594, -0.70405877), (0.76990557, -0.31890535, -0.552761), (0.85437226, -0.3538926, -0.3805366), (0.90633965, -0.37541837, -0.19393162), (0.9807853, -0.19509025, 6.023204e-8), (0.96216553, -0.19138673, 0.19392936), (0.9069964, -0.18041287, 0.3805374), (0.8173268, -0.16257632, 0.552762), (0.6964965, -0.13854186, 0.7040588), (0.5490199, -0.10920664, 0.8286441), (0.3804338, -0.07567297, 0.921707), (0.19710733, -0.039206997, 0.9795976), (0.006008134, -0.0011950874, 0.9999812), (-0.18554902, 0.03690811, 0.98194164), (-0.37017915, 0.07363329, 0.92603755), (-0.5407162, 0.107555136, 0.8343009), (-0.6904929, 0.13734755, 0.7101797), (-0.8136216, 0.16183908, 0.55841565), (-0.90523887, 0.18006276, 0.38486356), (-0.9617088, 0.1912959, 0.19627035), (-0.9807853, 0.1950903, -6.360204e-8), (-0.9617089, 0.1912955, -0.19627033), (-0.90523887, 0.18006295, -0.38486353), (-0.8136216, 0.16183929, -0.5584156), (-0.6904929, 0.13734739, -0.7101797), (-0.5407162, 0.10755508, -0.8343009), (-0.37017915, 0.073633276, -0.92603755), (-0.18554899, 0.036908068, -0.98194164), (0.006008118, -0.0011950906, -0.9999812), (0.1971073, -0.039207023, -0.9795976), (0.3804338, -0.07567297, -0.921707), (0.54901993, -0.10920657, -0.8286441), (0.6964965, -0.13854179, -0.7040588), (0.8173268, -0.1625765, -0.55276203), (0.90699637, -0.18041304, -0.38053742), (0.9621656, -0.19138642, -0.1939294)] (
            interpolation = "vertex"
        )
        point3f[] points = [(0.0592, 0.039, 0), (0.05912314, 0.039, 0.0007803613), (0.058895517, 0.039, 0.0015307338), (0.05852588, 0.039, 0.002222281), (0.058028426, 0.039, 0.0028284271), (0.05742228, 0.039, 0.0033258784), (0.056730732, 0.039, 0.0036955182), (0.055980362, 0.039, 0.003923141), (0.0552, 0.039, 0.004), (0.05441964, 0.039, 0.003923141), (0.053669266, 0.039, 0.0036955182), (0.05297772, 0.039, 0.0033258784), (0.052371573, 0.039, 0.0028284271), (0.05187412, 0.039, 0.002222281), (0.05150448, 0.039, 0.0015307338), (0.05127686, 0.039, 0.0007803613), (0.0512, 0.039, 4.8985874e-19), (0.05127686, 0.039, -0.0007803613), (0.05150448, 0.039, -0.0015307338), (0.05187412, 0.039, -0.002222281), (0.052371573, 0.039, -0.0028284271), (0.05297772, 0.039, -0.0033258784), (0.053669266, 0.039, -0.0036955182), (0.05441964, 0.039, -0.003923141), (0.0552, 0.039, -0.004), (0.055980362, 0.039, -0.003923141), (0.056730732, 0.039, -0.0036955182), (0.05742228, 0.039, -0.0033258784), (0.058028426, 0.039, -0.0028284271), (0.05852588, 0.039, -0.002222281), (0.058895517, 0.039, -0.0015307338), (0.05912314, 0.039, -0.0007803613), (0.058738846, 0.04368217, 0), (0.058663465, 0.043667175, 0.0007803613), (0.058440216, 0.043622766, 0.0015307338), (0.058077678, 0.04355065, 0.002222281), (0.057589784, 0.043453604, 0.0028284271), (0.056995288, 0.043335352, 0.0033258784), (0.056317028, 0.043200437, 0.0036955182), (0.055581074, 0.043054048, 0.003923141), (0.054815706, 0.042901807, 0.004), (0.054050338, 0.042749565, 0.003923141), (0.053314384, 0.042603176, 0.0036955182), (0.052636124, 0.04246826, 0.0033258784), (0.052041627, 0.04235001, 0.0028284271), (0.051553734, 0.04225296, 0.002222281), (0.051191196, 0.042180847, 0.0015307338), (0.050967947, 0.04213644, 0.0007803613), (0.050892565, 0.042121444, 4.8985874e-19), (0.050967947, 0.04213644, -0.0007803613), (0.051191196, 0.042180847, -0.0015307338), (0.051553734, 0.04225296, -0.002222281), (0.052041627, 0.04235001, -0.0028284271), (0.052636124, 0.04246826, -0.0033258784), (0.053314384, 0.042603176, -0.0036955182), (0.054050338, 0.042749565, -0.003923141), (0.054815706, 0.042901807, -0.004), (0.055581074, 0.043054048, -0.003923141), (0.056317028, 0.043200437, -0.0036955182), (0.056995288, 0.043335352, -0.0033258784), (0.057589784, 0.043453604, -0.0028284271), (0.058077678, 0.04355065, -0.002222281), (0.058440216, 0.043622766, -0.0015307338), (0.058663465, 0.043667175, -0.0007803613), (0.05737311, 0.048184402, 0), (0.0573021, 0.04815499, 0.0007803613), (0.057091802, 0.048067883, 0.0015307338), (0.0567503, 0.047926426, 0.002222281), (0.056290716, 0.04773606, 0.0028284271), (0.05573071, 0.047504097, 0.0033258784), (0.055091806, 0.047239456, 0.0036955182), (0.05439855, 0.0469523, 0.003923141), (0.053677592, 0.04665367, 0.004), (0.05295663, 0.04635504, 0.003923141), (0.052263375, 0.046067882, 0.0036955182), (0.05162447, 0.045803238, 0.0033258784), (0.051064465, 0.045571275, 0.0028284271), (0.05060488, 0.04538091, 0.002222281), (0.05026338, 0.045239456, 0.0015307338), (0.050053082, 0.045152348, 0.0007803613), (0.04998207, 0.045122936, 4.8985874e-19), (0.050053082, 0.045152348, -0.0007803613), (0.05026338, 0.045239456, -0.0015307338), (0.05060488, 0.04538091, -0.002222281), (0.051064465, 0.045571275, -0.0028284271), (0.05162447, 0.045803238, -0.0033258784), (0.052263375, 0.046067882, -0.0036955182), (0.05295663, 0.04635504, -0.003923141), (0.053677592, 0.04665367, -0.004), (0.05439855, 0.0469523, -0.003923141), (0.055091806, 0.047239456, -0.0036955182), (0.05573071, 0.047504097, -0.0033258784), (0.056290716, 0.04773606, -0.0028284271), (0.0567503, 0.047926426, -0.002222281), (0.057091802, 0.048067883, -0.0015307338), (0.0573021, 0.04815499, -0.0007803613), (0.05515527, 0.052333687, 0), (0.055091366, 0.052290983, 0.0007803613), (0.054902103, 0.052164525, 0.0015307338), (0.05459476, 0.051959164, 0.002222281), (0.054181144, 0.051682796, 0.0028284271), (0.053677153, 0.051346038, 0.0033258784), (0.05310215, 0.050961833, 0.0036955182), (0.05247824, 0.05054495, 0.003923141), (0.051829394, 0.050111406, 0.004), (0.051180545, 0.04967786, 0.003923141), (0.050556634, 0.049260974, 0.0036955182), (0.04998163, 0.04887677, 0.0033258784), (0.04947764, 0.048540015, 0.0028284271), (0.049064025, 0.048263647, 0.002222281), (0.04875668, 0.048058286, 0.0015307338), (0.048567418, 0.047931824, 0.0007803613), (0.048503514, 0.047889125, 4.8985874e-19), (0.048567418, 0.047931824, -0.0007803613), (0.04875668, 0.048058286, -0.0015307338), (0.049064025, 0.048263647, -0.002222281), (0.04947764, 0.048540015, -0.0028284271), (0.04998163, 0.04887677, -0.0033258784), (0.050556634, 0.049260974, -0.0036955182), (0.051180545, 0.04967786, -0.003923141), (0.051829394, 0.050111406, -0.004), (0.05247824, 0.05054495, -0.003923141), (0.05310215, 0.050961833, -0.0036955182), (0.053677153, 0.051346038, -0.0033258784), (0.054181144, 0.051682796, -0.0028284271), (0.05459476, 0.051959164, -0.002222281), (0.054902103, 0.052164525, -0.0015307338), (0.055091366, 0.052290983, -0.0007803613), (0.052170563, 0.055970564, 0), (0.052116215, 0.055916216, 0.0007803613), (0.05195526, 0.05575526, 0.0015307338), (0.051693887, 0.055493888, 0.002222281), (0.051342137, 0.055142134, 0.0028284271), (0.050913524, 0.054713525, 0.0033258784), (0.050424527, 0.05422453, 0.0036955182), (0.049893934, 0.053693935, 0.003923141), (0.049342137, 0.053142134, 0.004), (0.048790336, 0.052590337, 0.003923141), (0.048259743, 0.052059744, 0.0036955182), (0.047770746, 0.051570747, 0.0033258784), (0.047342137, 0.051142134, 0.0028284271), (0.046990383, 0.050790384, 0.002222281), (0.04672901, 0.05052901, 0.0015307338), (0.046568055, 0.050368056, 0.0007803613), (0.04651371, 0.050313707, 4.8985874e-19), (0.046568055, 0.050368056, -0.0007803613), (0.04672901, 0.05052901, -0.0015307338), (0.046990383, 0.050790384, -0.002222281), (0.047342137, 0.051142134, -0.0028284271), (0.047770746, 0.051570747, -0.0033258784), (0.048259743, 0.052059744, -0.0036955182), (0.048790336, 0.052590337, -0.003923141), (0.049342137, 0.053142134, -0.004), (0.049893934, 0.053693935, -0.003923141), (0.050424527, 0.05422453, -0.0036955182), (0.050913524, 0.054713525, -0.0033258784), (0.051342137, 0.055142134, -0.0028284271), (0.051693887, 0.055493888, -0.002222281), (0.05195526, 0.05575526, -0.0015307338), (0.052116215, 0.055916216, -0.0007803613), (0.048533686, 0.05895527, 0), (0.048490986, 0.058891363, 0.0007803613), (0.048364524, 0.058702104, 0.0015307338), (0.048159163, 0.05839476, 0.002222281), (0.047882795, 0.057981145, 0.0028284271), (0.047546037, 0.05747715, 0.0033258784), (0.047161836, 0.05690215, 0.0036955182), (0.04674495, 0.05627824, 0.003923141), (0.046311405, 0.05562939, 0.004), (0.04587786, 0.054980546, 0.003923141), (0.045460973, 0.054356635, 0.0036955182), (0.045076773, 0.053781632, 0.0033258784), (0.044740014, 0.05327764, 0.0028284271), (0.044463646, 0.052864026, 0.002222281), (0.044258285, 0.052556682, 0.0015307338), (0.044131823, 0.05236742, 0.0007803613), (0.044089124, 0.052303515, 4.8985874e-19), (0.044131823, 0.05236742, -0.0007803613), (0.044258285, 0.052556682, -0.0015307338), (0.044463646, 0.052864026, -0.002222281), (0.044740014, 0.05327764, -0.0028284271), (0.045076773, 0.053781632, -0.0033258784), (0.045460973, 0.054356635, -0.0036955182), (0.04587786, 0.054980546, -0.003923141), (0.046311405, 0.05562939, -0.004), (0.04674495, 0.05627824, -0.003923141), (0.047161836, 0.05690215, -0.0036955182), (0.047546037, 0.05747715, -0.0033258784), (0.047882795, 0.057981145, -0.0028284271), (0.048159163, 0.05839476, -0.002222281), (0.048364524, 0.058702104, -0.0015307338), (0.048490986, 0.058891363, -0.0007803613), (0.0443844, 0.061173107, 0), (0.04435499, 0.0611021, 0.0007803613), (0.04426788, 0.060891803, 0.0015307338), (0.04412643, 0.060550302, 0.002222281), (0.043936063, 0.060090717, 0.0028284271), (0.0437041, 0.05953071, 0.0033258784), (0.043439455, 0.058891803, 0.0036955182), (0.0431523, 0.05819855, 0.003923141), (0.04285367, 0.05747759, 0.004), (0.042555038, 0.05675663, 0.003923141), (0.04226788, 0.056063376, 0.0036955182), (0.042003237, 0.05542447, 0.0033258784), (0.041771278, 0.054864466, 0.0028284271), (0.04158091, 0.05440488, 0.002222281), (0.041439455, 0.054063376, 0.0015307338), (0.041352347, 0.05385308, 0.0007803613), (0.041322935, 0.053782072, 4.8985874e-19), (0.041352347, 0.05385308, -0.0007803613), (0.041439455, 0.054063376, -0.0015307338), (0.04158091, 0.05440488, -0.002222281), (0.041771278, 0.054864466, -0.0028284271), (0.042003237, 0.05542447, -0.0033258784), (0.04226788, 0.056063376, -0.0036955182), (0.042555038, 0.05675663, -0.003923141), (0.04285367, 0.05747759, -0.004), (0.0431523, 0.05819855, -0.003923141), (0.043439455, 0.058891803, -0.0036955182), (0.0437041, 0.05953071, -0.0033258784), (0.043936063, 0.060090717, -0.0028284271), (0.04412643, 0.060550302, -0.002222281), (0.04426788, 0.060891803, -0.0015307338), (0.04435499, 0.0611021, -0.0007803613), (0.03988217, 0.06253885, 0), (0.039867174, 0.062463466, 0.0007803613), (0.039822765, 0.062240217, 0.0015307338), (0.039750654, 0.06187768, 0.002222281), (0.039653607, 0.061389785, 0.0028284271), (0.03953535, 0.060795285, 0.0033258784), (0.039400436, 0.060117025, 0.0036955182), (0.039254047, 0.05938107, 0.003923141), (0.039101806, 0.058615707, 0.004), (0.038949564, 0.05785034, 0.003923141), (0.038803175, 0.057114385, 0.0036955182), (0.03866826, 0.056436125, 0.0033258784), (0.038550008, 0.055841625, 0.0028284271), (0.03845296, 0.055353735, 0.002222281), (0.038380846, 0.054991197, 0.0015307338), (0.03833644, 0.054767948, 0.0007803613), (0.038321447, 0.054692563, 4.8985874e-19), (0.03833644, 0.054767948, -0.0007803613), (0.038380846, 0.054991197, -0.0015307338), (0.03845296, 0.055353735, -0.002222281), (0.038550008, 0.055841625, -0.0028284271), (0.03866826, 0.056436125, -0.0033258784), (0.038803175, 0.057114385, -0.0036955182), (0.038949564, 0.05785034, -0.003923141), (0.039101806, 0.058615707, -0.004), (0.039254047, 0.05938107, -0.003923141), (0.039400436, 0.060117025, -0.0036955182), (0.03953535, 0.060795285, -0.0033258784), (0.039653607, 0.061389785, -0.0028284271), (0.039750654, 0.06187768, -0.002222281), (0.039822765, 0.062240217, -0.0015307338), (0.039867174, 0.062463466, -0.0007803613), (0.0352, 0.063, 0), (0.0352, 0.06292314, 0.0007803613), (0.0352, 0.06269552, 0.0015307338), (0.0352, 0.06232588, 0.002222281), (0.0352, 0.061828427, 0.0028284271), (0.0352, 0.06122228, 0.0033258784), (0.0352, 0.060530733, 0.0036955182), (0.0352, 0.059780363, 0.003923141), (0.0352, 0.059, 0.004), (0.0352, 0.058219638, 0.003923141), (0.0352, 0.057469267, 0.0036955182), (0.0352, 0.05677772, 0.0033258784), (0.0352, 0.056171574, 0.0028284271), (0.0352, 0.05567412, 0.002222281), (0.0352, 0.055304483, 0.0015307338), (0.0352, 0.05507686, 0.0007803613), (0.0352, 0.055, 4.8985874e-19), (0.0352, 0.05507686, -0.0007803613), (0.0352, 0.055304483, -0.0015307338), (0.0352, 0.05567412, -0.002222281), (0.0352, 0.056171574, -0.0028284271), (0.0352, 0.05677772, -0.0033258784), (0.0352, 0.057469267, -0.0036955182), (0.0352, 0.058219638, -0.003923141), (0.0352, 0.059, -0.004), (0.0352, 0.059780363, -0.003923141), (0.0352, 0.060530733, -0.0036955182), (0.0352, 0.06122228, -0.0033258784), (0.0352, 0.061828427, -0.0028284271), (0.0352, 0.06232588, -0.002222281), (0.0352, 0.06269552, -0.0015307338), (0.0352, 0.06292314, -0.0007803613), (0.030517831, 0.06253885, 0), (0.030532828, 0.062463466, 0.0007803613), (0.030577233, 0.062240217, 0.0015307338), (0.030649347, 0.06187768, 0.002222281), (0.030746395, 0.061389785, 0.0028284271), (0.030864649, 0.060795285, 0.0033258784), (0.030999562, 0.060117025, 0.0036955182), (0.031145953, 0.05938107, 0.003923141), (0.031298194, 0.058615707, 0.004), (0.031450436, 0.05785034, 0.003923141), (0.031596825, 0.057114385, 0.0036955182), (0.03173174, 0.056436125, 0.0033258784), (0.03184999, 0.055841625, 0.0028284271), (0.03194704, 0.055353735, 0.002222281), (0.032019153, 0.054991197, 0.0015307338), (0.03206356, 0.054767948, 0.0007803613), (0.032078553, 0.054692563, 4.8985874e-19), (0.03206356, 0.054767948, -0.0007803613), (0.032019153, 0.054991197, -0.0015307338), (0.03194704, 0.055353735, -0.002222281), (0.03184999, 0.055841625, -0.0028284271), (0.03173174, 0.056436125, -0.0033258784), (0.031596825, 0.057114385, -0.0036955182), (0.031450436, 0.05785034, -0.003923141), (0.031298194, 0.058615707, -0.004), (0.031145953, 0.05938107, -0.003923141), (0.030999562, 0.060117025, -0.0036955182), (0.030864649, 0.060795285, -0.0033258784), (0.030746395, 0.061389785, -0.0028284271), (0.030649347, 0.06187768, -0.002222281), (0.030577233, 0.062240217, -0.0015307338), (0.030532828, 0.062463466, -0.0007803613), (0.026015598, 0.061173107, 0), (0.02604501, 0.0611021, 0.0007803613), (0.026132118, 0.060891803, 0.0015307338), (0.026273573, 0.060550302, 0.002222281), (0.026463939, 0.060090717, 0.0028284271), (0.026695902, 0.05953071, 0.0033258784), (0.026960544, 0.058891803, 0.0036955182), (0.0272477, 0.05819855, 0.003923141), (0.027546331, 0.05747759, 0.004), (0.027844964, 0.05675663, 0.003923141), (0.028132118, 0.056063376, 0.0036955182), (0.028396761, 0.05542447, 0.0033258784), (0.028628724, 0.054864466, 0.0028284271), (0.02881909, 0.05440488, 0.002222281), (0.028960545, 0.054063376, 0.0015307338), (0.029047653, 0.05385308, 0.0007803613), (0.029077064, 0.053782072, 4.8985874e-19), (0.029047653, 0.05385308, -0.0007803613), (0.028960545, 0.054063376, -0.0015307338), (0.02881909, 0.05440488, -0.002222281), (0.028628724, 0.054864466, -0.0028284271), (0.028396761, 0.05542447, -0.0033258784), (0.028132118, 0.056063376, -0.0036955182), (0.027844964, 0.05675663, -0.003923141), (0.027546331, 0.05747759, -0.004), (0.0272477, 0.05819855, -0.003923141), (0.026960544, 0.058891803, -0.0036955182), (0.026695902, 0.05953071, -0.0033258784), (0.026463939, 0.060090717, -0.0028284271), (0.026273573, 0.060550302, -0.002222281), (0.026132118, 0.060891803, -0.0015307338), (0.02604501, 0.0611021, -0.0007803613), (0.021866314, 0.05895527, 0), (0.021909015, 0.058891363, 0.0007803613), (0.022035476, 0.058702104, 0.0015307338), (0.022240836, 0.05839476, 0.002222281), (0.022517206, 0.057981145, 0.0028284271), (0.022853963, 0.05747715, 0.0033258784), (0.023238165, 0.05690215, 0.0036955182), (0.02365505, 0.05627824, 0.003923141), (0.024088595, 0.05562939, 0.004), (0.02452214, 0.054980546, 0.003923141), (0.024939025, 0.054356635, 0.0036955182), (0.025323229, 0.053781632, 0.0033258784), (0.025659986, 0.05327764, 0.0028284271), (0.025936354, 0.052864026, 0.002222281), (0.026141714, 0.052556682, 0.0015307338), (0.026268175, 0.05236742, 0.0007803613), (0.026310876, 0.052303515, 4.8985874e-19), (0.026268175, 0.05236742, -0.0007803613), (0.026141714, 0.052556682, -0.0015307338), (0.025936354, 0.052864026, -0.002222281), (0.025659986, 0.05327764, -0.0028284271), (0.025323229, 0.053781632, -0.0033258784), (0.024939025, 0.054356635, -0.0036955182), (0.02452214, 0.054980546, -0.003923141), (0.024088595, 0.05562939, -0.004), (0.02365505, 0.05627824, -0.003923141), (0.023238165, 0.05690215, -0.0036955182), (0.022853963, 0.05747715, -0.0033258784), (0.022517206, 0.057981145, -0.0028284271), (0.022240836, 0.05839476, -0.002222281), (0.022035476, 0.058702104, -0.0015307338), (0.021909015, 0.058891363, -0.0007803613), (0.018229438, 0.055970564, 0), (0.018283784, 0.055916216, 0.0007803613), (0.01844474, 0.05575526, 0.0015307338), (0.018706113, 0.055493888, 0.002222281), (0.019057864, 0.055142134, 0.0028284271), (0.019486474, 0.054713525, 0.0033258784), (0.019975472, 0.05422453, 0.0036955182), (0.020506065, 0.053693935, 0.003923141), (0.021057865, 0.053142134, 0.004), (0.021609664, 0.052590337, 0.003923141), (0.022140257, 0.052059744, 0.0036955182), (0.022629254, 0.051570747, 0.0033258784), (0.023057865, 0.051142134, 0.0028284271), (0.023409616, 0.050790384, 0.002222281), (0.02367099, 0.05052901, 0.0015307338), (0.023831945, 0.050368056, 0.0007803613), (0.023886291, 0.050313707, 4.8985874e-19), (0.023831945, 0.050368056, -0.0007803613), (0.02367099, 0.05052901, -0.0015307338), (0.023409616, 0.050790384, -0.002222281), (0.023057865, 0.051142134, -0.0028284271), (0.022629254, 0.051570747, -0.0033258784), (0.022140257, 0.052059744, -0.0036955182), (0.021609664, 0.052590337, -0.003923141), (0.021057865, 0.053142134, -0.004), (0.020506065, 0.053693935, -0.003923141), (0.019975472, 0.05422453, -0.0036955182), (0.019486474, 0.054713525, -0.0033258784), (0.019057864, 0.055142134, -0.0028284271), (0.018706113, 0.055493888, -0.002222281), (0.01844474, 0.05575526, -0.0015307338), (0.018283784, 0.055916216, -0.0007803613), (0.015244729, 0.052333687, 0), (0.015308635, 0.052290983, 0.0007803613), (0.015497897, 0.052164525, 0.0015307338), (0.01580524, 0.051959164, 0.002222281), (0.016218856, 0.051682796, 0.0028284271), (0.016722849, 0.051346038, 0.0033258784), (0.017297849, 0.050961833, 0.0036955182), (0.01792176, 0.05054495, 0.003923141), (0.018570608, 0.050111406, 0.004), (0.019219454, 0.04967786, 0.003923141), (0.019843366, 0.049260974, 0.0036955182), (0.020418366, 0.04887677, 0.0033258784), (0.02092236, 0.048540015, 0.0028284271), (0.021335974, 0.048263647, 0.002222281), (0.021643318, 0.048058286, 0.0015307338), (0.02183258, 0.047931824, 0.0007803613), (0.021896487, 0.047889125, 4.8985874e-19), (0.02183258, 0.047931824, -0.0007803613), (0.021643318, 0.048058286, -0.0015307338), (0.021335974, 0.048263647, -0.002222281), (0.02092236, 0.048540015, -0.0028284271), (0.020418366, 0.04887677, -0.0033258784), (0.019843366, 0.049260974, -0.0036955182), (0.019219454, 0.04967786, -0.003923141), (0.018570608, 0.050111406, -0.004), (0.01792176, 0.05054495, -0.003923141), (0.017297849, 0.050961833, -0.0036955182), (0.016722849, 0.051346038, -0.0033258784), (0.016218856, 0.051682796, -0.0028284271), (0.01580524, 0.051959164, -0.002222281), (0.015497897, 0.052164525, -0.0015307338), (0.015308635, 0.052290983, -0.0007803613), (0.013026891, 0.048184402, 0), (0.0130979, 0.04815499, 0.0007803613), (0.013308195, 0.048067883, 0.0015307338), (0.013649698, 0.047926426, 0.002222281), (0.014109284, 0.04773606, 0.0028284271), (0.01466929, 0.047504097, 0.0033258784), (0.015308196, 0.047239456, 0.0036955182), (0.01600145, 0.0469523, 0.003923141), (0.016722409, 0.04665367, 0.004), (0.01744337, 0.04635504, 0.003923141), (0.018136622, 0.046067882, 0.0036955182), (0.018775528, 0.045803238, 0.0033258784), (0.019335534, 0.045571275, 0.0028284271), (0.01979512, 0.04538091, 0.002222281), (0.020136623, 0.045239456, 0.0015307338), (0.02034692, 0.045152348, 0.0007803613), (0.020417927, 0.045122936, 4.8985874e-19), (0.02034692, 0.045152348, -0.0007803613), (0.020136623, 0.045239456, -0.0015307338), (0.01979512, 0.04538091, -0.002222281), (0.019335534, 0.045571275, -0.0028284271), (0.018775528, 0.045803238, -0.0033258784), (0.018136622, 0.046067882, -0.0036955182), (0.01744337, 0.04635504, -0.003923141), (0.016722409, 0.04665367, -0.004), (0.01600145, 0.0469523, -0.003923141), (0.015308196, 0.047239456, -0.0036955182), (0.01466929, 0.047504097, -0.0033258784), (0.014109284, 0.04773606, -0.0028284271), (0.013649698, 0.047926426, -0.002222281), (0.013308195, 0.048067883, -0.0015307338), (0.0130979, 0.04815499, -0.0007803613), (0.011661153, 0.04368217, 0), (0.0117365355, 0.043667175, 0.0007803613), (0.011959785, 0.043622766, 0.0015307338), (0.0123223215, 0.04355065, 0.002222281), (0.012810214, 0.043453604, 0.0028284271), (0.013404714, 0.043335352, 0.0033258784), (0.014082973, 0.043200437, 0.0036955182), (0.014818927, 0.043054048, 0.003923141), (0.015584295, 0.042901807, 0.004), (0.016349662, 0.042749565, 0.003923141), (0.017085616, 0.042603176, 0.0036955182), (0.017763875, 0.04246826, 0.0033258784), (0.018358374, 0.04235001, 0.0028284271), (0.018846268, 0.04225296, 0.002222281), (0.019208804, 0.042180847, 0.0015307338), (0.019432053, 0.04213644, 0.0007803613), (0.019507436, 0.042121444, 4.8985874e-19), (0.019432053, 0.04213644, -0.0007803613), (0.019208804, 0.042180847, -0.0015307338), (0.018846268, 0.04225296, -0.002222281), (0.018358374, 0.04235001, -0.0028284271), (0.017763875, 0.04246826, -0.0033258784), (0.017085616, 0.042603176, -0.0036955182), (0.016349662, 0.042749565, -0.003923141), (0.015584295, 0.042901807, -0.004), (0.014818927, 0.043054048, -0.003923141), (0.014082973, 0.043200437, -0.0036955182), (0.013404714, 0.043335352, -0.0033258784), (0.012810214, 0.043453604, -0.0028284271), (0.0123223215, 0.04355065, -0.002222281), (0.011959785, 0.043622766, -0.0015307338), (0.0117365355, 0.043667175, -0.0007803613), (0.0112, 0.039, 0), (0.011276859, 0.039, 0.0007803613), (0.011504482, 0.039, 0.0015307338), (0.011874122, 0.039, 0.002222281), (0.012371573, 0.039, 0.0028284271), (0.012977719, 0.039, 0.0033258784), (0.013669266, 0.039, 0.0036955182), (0.014419639, 0.039, 0.003923141), (0.0152, 0.039, 0.004), (0.015980361, 0.039, 0.003923141), (0.016730733, 0.039, 0.0036955182), (0.017422281, 0.039, 0.0033258784), (0.018028427, 0.039, 0.0028284271), (0.018525878, 0.039, 0.002222281), (0.018895518, 0.039, 0.0015307338), (0.01912314, 0.039, 0.0007803613), (0.0192, 0.039, 4.8985874e-19), (0.01912314, 0.039, -0.0007803613), (0.018895518, 0.039, -0.0015307338), (0.018525878, 0.039, -0.002222281), (0.018028427, 0.039, -0.0028284271), (0.017422281, 0.039, -0.0033258784), (0.016730733, 0.039, -0.0036955182), (0.015980361, 0.039, -0.003923141), (0.0152, 0.039, -0.004), (0.014419639, 0.039, -0.003923141), (0.013669266, 0.039, -0.0036955182), (0.012977719, 0.039, -0.0033258784), (0.012371573, 0.039, -0.0028284271), (0.011874122, 0.039, -0.002222281), (0.011504482, 0.039, -0.0015307338), (0.011276859, 0.039, -0.0007803613), (0.011661153, 0.034317832, 0), (0.0117365355, 0.034332827, 0.0007803613), (0.011959785, 0.034377232, 0.0015307338), (0.0123223215, 0.034449346, 0.002222281), (0.012810214, 0.034546394, 0.0028284271), (0.013404714, 0.03466465, 0.0033258784), (0.014082973, 0.03479956, 0.0036955182), (0.014818927, 0.034945954, 0.003923141), (0.015584295, 0.035098195, 0.004), (0.016349662, 0.035250433, 0.003923141), (0.017085616, 0.035396826, 0.0036955182), (0.017763875, 0.03553174, 0.0033258784), (0.018358374, 0.035649993, 0.0028284271), (0.018846268, 0.03574704, 0.002222281), (0.019208804, 0.035819154, 0.0015307338), (0.019432053, 0.03586356, 0.0007803613), (0.019507436, 0.035878554, 4.8985874e-19), (0.019432053, 0.03586356, -0.0007803613), (0.019208804, 0.035819154, -0.0015307338), (0.018846268, 0.03574704, -0.002222281), (0.018358374, 0.035649993, -0.0028284271), (0.017763875, 0.03553174, -0.0033258784), (0.017085616, 0.035396826, -0.0036955182), (0.016349662, 0.035250433, -0.003923141), (0.015584295, 0.035098195, -0.004), (0.014818927, 0.034945954, -0.003923141), (0.014082973, 0.03479956, -0.0036955182), (0.013404714, 0.03466465, -0.0033258784), (0.012810214, 0.034546394, -0.0028284271), (0.0123223215, 0.034449346, -0.002222281), (0.011959785, 0.034377232, -0.0015307338), (0.0117365355, 0.034332827, -0.0007803613), (0.013026891, 0.029815597, 0), (0.0130979, 0.02984501, 0.0007803613), (0.013308195, 0.029932117, 0.0015307338), (0.013649698, 0.030073572, 0.002222281), (0.014109284, 0.03026394, 0.0028284271), (0.01466929, 0.0304959, 0.0033258784), (0.015308196, 0.030760545, 0.0036955182), (0.01600145, 0.0310477, 0.003923141), (0.016722409, 0.031346332, 0.004), (0.01744337, 0.031644963, 0.003923141), (0.018136622, 0.03193212, 0.0036955182), (0.018775528, 0.03219676, 0.0033258784), (0.019335534, 0.032428723, 0.0028284271), (0.01979512, 0.03261909, 0.002222281), (0.020136623, 0.032760546, 0.0015307338), (0.02034692, 0.032847654, 0.0007803613), (0.020417927, 0.032877065, 4.8985874e-19), (0.02034692, 0.032847654, -0.0007803613), (0.020136623, 0.032760546, -0.0015307338), (0.01979512, 0.03261909, -0.002222281), (0.019335534, 0.032428723, -0.0028284271), (0.018775528, 0.03219676, -0.0033258784), (0.018136622, 0.03193212, -0.0036955182), (0.01744337, 0.031644963, -0.003923141), (0.016722409, 0.031346332, -0.004), (0.01600145, 0.0310477, -0.003923141), (0.015308196, 0.030760545, -0.0036955182), (0.01466929, 0.0304959, -0.0033258784), (0.014109284, 0.03026394, -0.0028284271), (0.013649698, 0.030073572, -0.002222281), (0.013308195, 0.029932117, -0.0015307338), (0.0130979, 0.02984501, -0.0007803613), (0.015244729, 0.025666315, 0), (0.015308635, 0.025709014, 0.0007803613), (0.015497897, 0.025835475, 0.0015307338), (0.01580524, 0.026040837, 0.002222281), (0.016218856, 0.026317205, 0.0028284271), (0.016722849, 0.026653962, 0.0033258784), (0.017297849, 0.027038164, 0.0036955182), (0.01792176, 0.02745505, 0.003923141), (0.018570608, 0.027888596, 0.004), (0.019219454, 0.028322142, 0.003923141), (0.019843366, 0.028739026, 0.0036955182), (0.020418366, 0.029123228, 0.0033258784), (0.02092236, 0.029459985, 0.0028284271), (0.021335974, 0.029736355, 0.002222281), (0.021643318, 0.029941715, 0.0015307338), (0.02183258, 0.030068176, 0.0007803613), (0.021896487, 0.030110877, 4.8985874e-19), (0.02183258, 0.030068176, -0.0007803613), (0.021643318, 0.029941715, -0.0015307338), (0.021335974, 0.029736355, -0.002222281), (0.02092236, 0.029459985, -0.0028284271), (0.020418366, 0.029123228, -0.0033258784), (0.019843366, 0.028739026, -0.0036955182), (0.019219454, 0.028322142, -0.003923141), (0.018570608, 0.027888596, -0.004), (0.01792176, 0.02745505, -0.003923141), (0.017297849, 0.027038164, -0.0036955182), (0.016722849, 0.026653962, -0.0033258784), (0.016218856, 0.026317205, -0.0028284271), (0.01580524, 0.026040837, -0.002222281), (0.015497897, 0.025835475, -0.0015307338), (0.015308635, 0.025709014, -0.0007803613), (0.018229438, 0.022029437, 0), (0.018283784, 0.022083785, 0.0007803613), (0.01844474, 0.022244738, 0.0015307338), (0.018706113, 0.022506114, 0.002222281), (0.019057864, 0.022857863, 0.0028284271), (0.019486474, 0.023286475, 0.0033258784), (0.019975472, 0.023775471, 0.0036955182), (0.020506065, 0.024306066, 0.003923141), (0.021057865, 0.024857864, 0.004), (0.021609664, 0.025409663, 0.003923141), (0.022140257, 0.025940256, 0.0036955182), (0.022629254, 0.026429255, 0.0033258784), (0.023057865, 0.026857864, 0.0028284271), (0.023409616, 0.027209615, 0.002222281), (0.02367099, 0.027470991, 0.0015307338), (0.023831945, 0.027631944, 0.0007803613), (0.023886291, 0.027686292, 4.8985874e-19), (0.023831945, 0.027631944, -0.0007803613), (0.02367099, 0.027470991, -0.0015307338), (0.023409616, 0.027209615, -0.002222281), (0.023057865, 0.026857864, -0.0028284271), (0.022629254, 0.026429255, -0.0033258784), (0.022140257, 0.025940256, -0.0036955182), (0.021609664, 0.025409663, -0.003923141), (0.021057865, 0.024857864, -0.004), (0.020506065, 0.024306066, -0.003923141), (0.019975472, 0.023775471, -0.0036955182), (0.019486474, 0.023286475, -0.0033258784), (0.019057864, 0.022857863, -0.0028284271), (0.018706113, 0.022506114, -0.002222281), (0.01844474, 0.022244738, -0.0015307338), (0.018283784, 0.022083785, -0.0007803613), (0.021866314, 0.019044729, 0), (0.021909015, 0.019108634, 0.0007803613), (0.022035476, 0.019297896, 0.0015307338), (0.022240836, 0.019605242, 0.002222281), (0.022517206, 0.020018857, 0.0028284271), (0.022853963, 0.020522848, 0.0033258784), (0.023238165, 0.02109785, 0.0036955182), (0.02365505, 0.021721762, 0.003923141), (0.024088595, 0.022370609, 0.004), (0.02452214, 0.023019455, 0.003923141), (0.024939025, 0.023643367, 0.0036955182), (0.025323229, 0.024218367, 0.0033258784), (0.025659986, 0.024722358, 0.0028284271), (0.025936354, 0.025135975, 0.002222281), (0.026141714, 0.02544332, 0.0015307338), (0.026268175, 0.02563258, 0.0007803613), (0.026310876, 0.025696486, 4.8985874e-19), (0.026268175, 0.02563258, -0.0007803613), (0.026141714, 0.02544332, -0.0015307338), (0.025936354, 0.025135975, -0.002222281), (0.025659986, 0.024722358, -0.0028284271), (0.025323229, 0.024218367, -0.0033258784), (0.024939025, 0.023643367, -0.0036955182), (0.02452214, 0.023019455, -0.003923141), (0.024088595, 0.022370609, -0.004), (0.02365505, 0.021721762, -0.003923141), (0.023238165, 0.02109785, -0.0036955182), (0.022853963, 0.020522848, -0.0033258784), (0.022517206, 0.020018857, -0.0028284271), (0.022240836, 0.019605242, -0.002222281), (0.022035476, 0.019297896, -0.0015307338), (0.021909015, 0.019108634, -0.0007803613), (0.026015598, 0.01682689, 0), (0.02604501, 0.0168979, 0.0007803613), (0.026132118, 0.017108196, 0.0015307338), (0.026273573, 0.017449697, 0.002222281), (0.026463939, 0.017909283, 0.0028284271), (0.026695902, 0.018469289, 0.0033258784), (0.026960544, 0.019108195, 0.0036955182), (0.0272477, 0.019801449, 0.003923141), (0.027546331, 0.02052241, 0.004), (0.027844964, 0.02124337, 0.003923141), (0.028132118, 0.021936623, 0.0036955182), (0.028396761, 0.02257553, 0.0033258784), (0.028628724, 0.023135535, 0.0028284271), (0.02881909, 0.02359512, 0.002222281), (0.028960545, 0.023936624, 0.0015307338), (0.029047653, 0.024146918, 0.0007803613), (0.029077064, 0.024217928, 4.8985874e-19), (0.029047653, 0.024146918, -0.0007803613), (0.028960545, 0.023936624, -0.0015307338), (0.02881909, 0.02359512, -0.002222281), (0.028628724, 0.023135535, -0.0028284271), (0.028396761, 0.02257553, -0.0033258784), (0.028132118, 0.021936623, -0.0036955182), (0.027844964, 0.02124337, -0.003923141), (0.027546331, 0.02052241, -0.004), (0.0272477, 0.019801449, -0.003923141), (0.026960544, 0.019108195, -0.0036955182), (0.026695902, 0.018469289, -0.0033258784), (0.026463939, 0.017909283, -0.0028284271), (0.026273573, 0.017449697, -0.002222281), (0.026132118, 0.017108196, -0.0015307338), (0.02604501, 0.0168979, -0.0007803613), (0.030517831, 0.015461153, 0), (0.030532828, 0.0155365355, 0.0007803613), (0.030577233, 0.015759785, 0.0015307338), (0.030649347, 0.016122323, 0.002222281), (0.030746395, 0.016610214, 0.0028284271), (0.030864649, 0.017204713, 0.0033258784), (0.030999562, 0.017882973, 0.0036955182), (0.031145953, 0.018618928, 0.003923141), (0.031298194, 0.019384295, 0.004), (0.031450436, 0.020149661, 0.003923141), (0.031596825, 0.020885615, 0.0036955182), (0.03173174, 0.021563875, 0.0033258784), (0.03184999, 0.022158375, 0.0028284271), (0.03194704, 0.022646267, 0.002222281), (0.032019153, 0.023008805, 0.0015307338), (0.03206356, 0.023232054, 0.0007803613), (0.032078553, 0.023307435, 4.8985874e-19), (0.03206356, 0.023232054, -0.0007803613), (0.032019153, 0.023008805, -0.0015307338), (0.03194704, 0.022646267, -0.002222281), (0.03184999, 0.022158375, -0.0028284271), (0.03173174, 0.021563875, -0.0033258784), (0.031596825, 0.020885615, -0.0036955182), (0.031450436, 0.020149661, -0.003923141), (0.031298194, 0.019384295, -0.004), (0.031145953, 0.018618928, -0.003923141), (0.030999562, 0.017882973, -0.0036955182), (0.030864649, 0.017204713, -0.0033258784), (0.030746395, 0.016610214, -0.0028284271), (0.030649347, 0.016122323, -0.002222281), (0.030577233, 0.015759785, -0.0015307338), (0.030532828, 0.0155365355, -0.0007803613), (0.0352, 0.015, 0), (0.0352, 0.015076859, 0.0007803613), (0.0352, 0.015304482, 0.0015307338), (0.0352, 0.015674122, 0.002222281), (0.0352, 0.016171573, 0.0028284271), (0.0352, 0.016777718, 0.0033258784), (0.0352, 0.017469266, 0.0036955182), (0.0352, 0.018219639, 0.003923141), (0.0352, 0.019, 0.004), (0.0352, 0.019780362, 0.003923141), (0.0352, 0.020530734, 0.0036955182), (0.0352, 0.02122228, 0.0033258784), (0.0352, 0.021828428, 0.0028284271), (0.0352, 0.022325879, 0.002222281), (0.0352, 0.022695519, 0.0015307338), (0.0352, 0.022923142, 0.0007803613), (0.0352, 0.023, 4.8985874e-19), (0.0352, 0.022923142, -0.0007803613), (0.0352, 0.022695519, -0.0015307338), (0.0352, 0.022325879, -0.002222281), (0.0352, 0.021828428, -0.0028284271), (0.0352, 0.02122228, -0.0033258784), (0.0352, 0.020530734, -0.0036955182), (0.0352, 0.019780362, -0.003923141), (0.0352, 0.019, -0.004), (0.0352, 0.018219639, -0.003923141), (0.0352, 0.017469266, -0.0036955182), (0.0352, 0.016777718, -0.0033258784), (0.0352, 0.016171573, -0.0028284271), (0.0352, 0.015674122, -0.002222281), (0.0352, 0.015304482, -0.0015307338), (0.0352, 0.015076859, -0.0007803613), (0.03988217, 0.015461153, 0), (0.039867174, 0.0155365355, 0.0007803613), (0.039822765, 0.015759785, 0.0015307338), (0.039750654, 0.016122323, 0.002222281), (0.039653607, 0.016610214, 0.0028284271), (0.03953535, 0.017204713, 0.0033258784), (0.039400436, 0.017882973, 0.0036955182), (0.039254047, 0.018618928, 0.003923141), (0.039101806, 0.019384295, 0.004), (0.038949564, 0.020149661, 0.003923141), (0.038803175, 0.020885615, 0.0036955182), (0.03866826, 0.021563875, 0.0033258784), (0.038550008, 0.022158375, 0.0028284271), (0.03845296, 0.022646267, 0.002222281), (0.038380846, 0.023008805, 0.0015307338), (0.03833644, 0.023232054, 0.0007803613), (0.038321447, 0.023307435, 4.8985874e-19), (0.03833644, 0.023232054, -0.0007803613), (0.038380846, 0.023008805, -0.0015307338), (0.03845296, 0.022646267, -0.002222281), (0.038550008, 0.022158375, -0.0028284271), (0.03866826, 0.021563875, -0.0033258784), (0.038803175, 0.020885615, -0.0036955182), (0.038949564, 0.020149661, -0.003923141), (0.039101806, 0.019384295, -0.004), (0.039254047, 0.018618928, -0.003923141), (0.039400436, 0.017882973, -0.0036955182), (0.03953535, 0.017204713, -0.0033258784), (0.039653607, 0.016610214, -0.0028284271), (0.039750654, 0.016122323, -0.002222281), (0.039822765, 0.015759785, -0.0015307338), (0.039867174, 0.0155365355, -0.0007803613), (0.0443844, 0.01682689, 0), (0.04435499, 0.0168979, 0.0007803613), (0.04426788, 0.017108196, 0.0015307338), (0.04412643, 0.017449697, 0.002222281), (0.043936063, 0.017909283, 0.0028284271), (0.0437041, 0.018469289, 0.0033258784), (0.043439455, 0.019108195, 0.0036955182), (0.0431523, 0.019801449, 0.003923141), (0.04285367, 0.02052241, 0.004), (0.042555038, 0.02124337, 0.003923141), (0.04226788, 0.021936623, 0.0036955182), (0.042003237, 0.02257553, 0.0033258784), (0.041771278, 0.023135535, 0.0028284271), (0.04158091, 0.02359512, 0.002222281), (0.041439455, 0.023936624, 0.0015307338), (0.041352347, 0.024146918, 0.0007803613), (0.041322935, 0.024217928, 4.8985874e-19), (0.041352347, 0.024146918, -0.0007803613), (0.041439455, 0.023936624, -0.0015307338), (0.04158091, 0.02359512, -0.002222281), (0.041771278, 0.023135535, -0.0028284271), (0.042003237, 0.02257553, -0.0033258784), (0.04226788, 0.021936623, -0.0036955182), (0.042555038, 0.02124337, -0.003923141), (0.04285367, 0.02052241, -0.004), (0.0431523, 0.019801449, -0.003923141), (0.043439455, 0.019108195, -0.0036955182), (0.0437041, 0.018469289, -0.0033258784), (0.043936063, 0.017909283, -0.0028284271), (0.04412643, 0.017449697, -0.002222281), (0.04426788, 0.017108196, -0.0015307338), (0.04435499, 0.0168979, -0.0007803613), (0.048533686, 0.019044729, 0), (0.048490986, 0.019108634, 0.0007803613), (0.048364524, 0.019297896, 0.0015307338), (0.048159163, 0.019605242, 0.002222281), (0.047882795, 0.020018857, 0.0028284271), (0.047546037, 0.020522848, 0.0033258784), (0.047161836, 0.02109785, 0.0036955182), (0.04674495, 0.021721762, 0.003923141), (0.046311405, 0.022370609, 0.004), (0.04587786, 0.023019455, 0.003923141), (0.045460973, 0.023643367, 0.0036955182), (0.045076773, 0.024218367, 0.0033258784), (0.044740014, 0.024722358, 0.0028284271), (0.044463646, 0.025135975, 0.002222281), (0.044258285, 0.02544332, 0.0015307338), (0.044131823, 0.02563258, 0.0007803613), (0.044089124, 0.025696486, 4.8985874e-19), (0.044131823, 0.02563258, -0.0007803613), (0.044258285, 0.02544332, -0.0015307338), (0.044463646, 0.025135975, -0.002222281), (0.044740014, 0.024722358, -0.0028284271), (0.045076773, 0.024218367, -0.0033258784), (0.045460973, 0.023643367, -0.0036955182), (0.04587786, 0.023019455, -0.003923141), (0.046311405, 0.022370609, -0.004), (0.04674495, 0.021721762, -0.003923141), (0.047161836, 0.02109785, -0.0036955182), (0.047546037, 0.020522848, -0.0033258784), (0.047882795, 0.020018857, -0.0028284271), (0.048159163, 0.019605242, -0.002222281), (0.048364524, 0.019297896, -0.0015307338), (0.048490986, 0.019108634, -0.0007803613), (0.052170563, 0.022029437, 0), (0.052116215, 0.022083785, 0.0007803613), (0.05195526, 0.022244738, 0.0015307338), (0.051693887, 0.022506114, 0.002222281), (0.051342137, 0.022857863, 0.0028284271), (0.050913524, 0.023286475, 0.0033258784), (0.050424527, 0.023775471, 0.0036955182), (0.049893934, 0.024306066, 0.003923141), (0.049342137, 0.024857864, 0.004), (0.048790336, 0.025409663, 0.003923141), (0.048259743, 0.025940256, 0.0036955182), (0.047770746, 0.026429255, 0.0033258784), (0.047342137, 0.026857864, 0.0028284271), (0.046990383, 0.027209615, 0.002222281), (0.04672901, 0.027470991, 0.0015307338), (0.046568055, 0.027631944, 0.0007803613), (0.04651371, 0.027686292, 4.8985874e-19), (0.046568055, 0.027631944, -0.0007803613), (0.04672901, 0.027470991, -0.0015307338), (0.046990383, 0.027209615, -0.002222281), (0.047342137, 0.026857864, -0.0028284271), (0.047770746, 0.026429255, -0.0033258784), (0.048259743, 0.025940256, -0.0036955182), (0.048790336, 0.025409663, -0.003923141), (0.049342137, 0.024857864, -0.004), (0.049893934, 0.024306066, -0.003923141), (0.050424527, 0.023775471, -0.0036955182), (0.050913524, 0.023286475, -0.0033258784), (0.051342137, 0.022857863, -0.0028284271), (0.051693887, 0.022506114, -0.002222281), (0.05195526, 0.022244738, -0.0015307338), (0.052116215, 0.022083785, -0.0007803613), (0.05515527, 0.025666315, 0), (0.055091366, 0.025709014, 0.0007803613), (0.054902103, 0.025835475, 0.0015307338), (0.05459476, 0.026040837, 0.002222281), (0.054181144, 0.026317205, 0.0028284271), (0.053677153, 0.026653962, 0.0033258784), (0.05310215, 0.027038164, 0.0036955182), (0.05247824, 0.02745505, 0.003923141), (0.051829394, 0.027888596, 0.004), (0.051180545, 0.028322142, 0.003923141), (0.050556634, 0.028739026, 0.0036955182), (0.04998163, 0.029123228, 0.0033258784), (0.04947764, 0.029459985, 0.0028284271), (0.049064025, 0.029736355, 0.002222281), (0.04875668, 0.029941715, 0.0015307338), (0.048567418, 0.030068176, 0.0007803613), (0.048503514, 0.030110877, 4.8985874e-19), (0.048567418, 0.030068176, -0.0007803613), (0.04875668, 0.029941715, -0.0015307338), (0.049064025, 0.029736355, -0.002222281), (0.04947764, 0.029459985, -0.0028284271), (0.04998163, 0.029123228, -0.0033258784), (0.050556634, 0.028739026, -0.0036955182), (0.051180545, 0.028322142, -0.003923141), (0.051829394, 0.027888596, -0.004), (0.05247824, 0.02745505, -0.003923141), (0.05310215, 0.027038164, -0.0036955182), (0.053677153, 0.026653962, -0.0033258784), (0.054181144, 0.026317205, -0.0028284271), (0.05459476, 0.026040837, -0.002222281), (0.054902103, 0.025835475, -0.0015307338), (0.055091366, 0.025709014, -0.0007803613), (0.05737311, 0.029815597, 0), (0.0573021, 0.02984501, 0.0007803613), (0.057091802, 0.029932117, 0.0015307338), (0.0567503, 0.030073572, 0.002222281), (0.056290716, 0.03026394, 0.0028284271), (0.05573071, 0.0304959, 0.0033258784), (0.055091806, 0.030760545, 0.0036955182), (0.05439855, 0.0310477, 0.003923141), (0.053677592, 0.031346332, 0.004), (0.05295663, 0.031644963, 0.003923141), (0.052263375, 0.03193212, 0.0036955182), (0.05162447, 0.03219676, 0.0033258784), (0.051064465, 0.032428723, 0.0028284271), (0.05060488, 0.03261909, 0.002222281), (0.05026338, 0.032760546, 0.0015307338), (0.050053082, 0.032847654, 0.0007803613), (0.04998207, 0.032877065, 4.8985874e-19), (0.050053082, 0.032847654, -0.0007803613), (0.05026338, 0.032760546, -0.0015307338), (0.05060488, 0.03261909, -0.002222281), (0.051064465, 0.032428723, -0.0028284271), (0.05162447, 0.03219676, -0.0033258784), (0.052263375, 0.03193212, -0.0036955182), (0.05295663, 0.031644963, -0.003923141), (0.053677592, 0.031346332, -0.004), (0.05439855, 0.0310477, -0.003923141), (0.055091806, 0.030760545, -0.0036955182), (0.05573071, 0.0304959, -0.0033258784), (0.056290716, 0.03026394, -0.0028284271), (0.0567503, 0.030073572, -0.002222281), (0.057091802, 0.029932117, -0.0015307338), (0.0573021, 0.02984501, -0.0007803613), (0.058738846, 0.034317832, 0), (0.058663465, 0.034332827, 0.0007803613), (0.058440216, 0.034377232, 0.0015307338), (0.058077678, 0.034449346, 0.002222281), (0.057589784, 0.034546394, 0.0028284271), (0.056995288, 0.03466465, 0.0033258784), (0.056317028, 0.03479956, 0.0036955182), (0.055581074, 0.034945954, 0.003923141), (0.054815706, 0.035098195, 0.004), (0.054050338, 0.035250433, 0.003923141), (0.053314384, 0.035396826, 0.0036955182), (0.052636124, 0.03553174, 0.0033258784), (0.052041627, 0.035649993, 0.0028284271), (0.051553734, 0.03574704, 0.002222281), (0.051191196, 0.035819154, 0.0015307338), (0.050967947, 0.03586356, 0.0007803613), (0.050892565, 0.035878554, 4.8985874e-19), (0.050967947, 0.03586356, -0.0007803613), (0.051191196, 0.035819154, -0.0015307338), (0.051553734, 0.03574704, -0.002222281), (0.052041627, 0.035649993, -0.0028284271), (0.052636124, 0.03553174, -0.0033258784), (0.053314384, 0.035396826, -0.0036955182), (0.054050338, 0.035250433, -0.003923141), (0.054815706, 0.035098195, -0.004), (0.055581074, 0.034945954, -0.003923141), (0.056317028, 0.03479956, -0.0036955182), (0.056995288, 0.03466465, -0.0033258784), (0.057589784, 0.034546394, -0.0028284271), (0.058077678, 0.034449346, -0.002222281), (0.058440216, 0.034377232, -0.0015307338), (0.058663465, 0.034332827, -0.0007803613)]
    }

    def Material "Material_2"
    {
        token outputs:surface.connect = </Cappuccino/Material_2/PBRShader.outputs:surface>

        def Shader "PBRShader"
        {
            uniform token info:id = "UsdPreviewSurface"
            color3f inputs:diffuseColor = (0.9607843, 0.9607843, 0.972549)
            float inputs:metallic = 0
            float inputs:roughness = 0.3
            token outputs:surface
        }
    }

    def Mesh "Mesh_3"
    {
        int[] faceVertexCounts = [3, 3, 3, 3, 3, 3, 3, 3, 3, 3, 3, 3, 3, 3, 3, 3, 3, 3, 3, 3, 3, 3, 3, 3, 3, 3, 3, 3, 3, 3, 3, 3, 3, 3, 3, 3, 3, 3, 3, 3, 3, 3, 3, 3, 3, 3, 3, 3, 3, 3, 3, 3, 3, 3, 3, 3, 3, 3, 3, 3, 3, 3, 3, 3, 3, 3, 3, 3, 3, 3, 3, 3, 3, 3, 3, 3, 3, 3, 3, 3, 3, 3, 3, 3, 3, 3, 3, 3, 3, 3, 3, 3, 3, 3, 3, 3, 3, 3, 3, 3, 3, 3, 3, 3, 3, 3, 3, 3, 3, 3, 3, 3, 3, 3, 3, 3, 3, 3, 3, 3, 3, 3, 3, 3, 3, 3, 3, 3, 3, 3, 3, 3, 3, 3, 3, 3, 3, 3, 3, 3, 3, 3, 3, 3, 3, 3, 3, 3, 3, 3, 3, 3, 3, 3, 3, 3, 3, 3, 3, 3, 3, 3, 3, 3, 3, 3, 3, 3, 3, 3, 3, 3, 3, 3, 3, 3, 3, 3, 3, 3, 3, 3, 3, 3, 3, 3, 3, 3, 3, 3, 3, 3]
        int[] faceVertexIndices = [1, 0, 4, 1, 4, 2, 2, 4, 5, 2, 5, 3, 4, 0, 6, 4, 6, 5, 5, 6, 7, 5, 7, 3, 6, 0, 8, 6, 8, 7, 7, 8, 9, 7, 9, 3, 8, 0, 10, 8, 10, 9, 9, 10, 11, 9, 11, 3, 10, 0, 12, 10, 12, 11, 11, 12, 13, 11, 13, 3, 12, 0, 14, 12, 14, 13, 13, 14, 15, 13, 15, 3, 14, 0, 16, 14, 16, 15, 15, 16, 17, 15, 17, 3, 16, 0, 18, 16, 18, 17, 17, 18, 19, 17, 19, 3, 18, 0, 20, 18, 20, 19, 19, 20, 21, 19, 21, 3, 20, 0, 22, 20, 22, 21, 21, 22, 23, 21, 23, 3, 22, 0, 24, 22, 24, 23, 23, 24, 25, 23, 25, 3, 24, 0, 26, 24, 26, 25, 25, 26, 27, 25, 27, 3, 26, 0, 28, 26, 28, 27, 27, 28, 29, 27, 29, 3, 28, 0, 30, 28, 30, 29, 29, 30, 31, 29, 31, 3, 30, 0, 32, 30, 32, 31, 31, 32, 33, 31, 33, 3, 32, 0, 34, 32, 34, 33, 33, 34, 35, 33, 35, 3, 34, 0, 36, 34, 36, 35, 35, 36, 37, 35, 37, 3, 36, 0, 38, 36, 38, 37, 37, 38, 39, 37, 39, 3, 38, 0, 40, 38, 40, 39, 39, 40, 41, 39, 41, 3, 40, 0, 42, 40, 42, 41, 41, 42, 43, 41, 43, 3, 42, 0, 44, 42, 44, 43, 43, 44, 45, 43, 45, 3, 44, 0, 46, 44, 46, 45, 45, 46, 47, 45, 47, 3, 46, 0, 48, 46, 48, 47, 47, 48, 49, 47, 49, 3, 48, 0, 50, 48, 50, 49, 49, 50, 51, 49, 51, 3, 50, 0, 52, 50, 52, 51, 51, 52, 53, 51, 53, 3, 52, 0, 54, 52, 54, 53, 53, 54, 55, 53, 55, 3, 54, 0, 56, 54, 56, 55, 55, 56, 57, 55, 57, 3, 56, 0, 58, 56, 58, 57, 57, 58, 59, 57, 59, 3, 58, 0, 60, 58, 60, 59, 59, 60, 61, 59, 61, 3, 60, 0, 62, 60, 62, 61, 61, 62, 63, 61, 63, 3, 62, 0, 64, 62, 64, 63, 63, 64, 65, 63, 65, 3, 64, 0, 66, 64, 66, 65, 65, 66, 67, 65, 67, 3, 66, 0, 68, 66, 68, 67, 67, 68, 69, 67, 69, 3, 68, 0, 70, 68, 70, 69, 69, 70, 71, 69, 71, 3, 70, 0, 72, 70, 72, 71, 71, 72, 73, 71, 73, 3, 72, 0, 74, 72, 74, 73, 73, 74, 75, 73, 75, 3, 74, 0, 76, 74, 76, 75, 75, 76, 77, 75, 77, 3, 76, 0, 78, 76, 78, 77, 77, 78, 79, 77, 79, 3, 78, 0, 80, 78, 80, 79, 79, 80, 81, 79, 81, 3, 80, 0, 82, 80, 82, 81, 81, 82, 83, 81, 83, 3, 82, 0, 84, 82, 84, 83, 83, 84, 85, 83, 85, 3, 84, 0, 86, 84, 86, 85, 85, 86, 87, 85, 87, 3, 86, 0, 88, 86, 88, 87, 87, 88, 89, 87, 89, 3, 88, 0, 90, 88, 90, 89, 89, 90, 91, 89, 91, 3, 90, 0, 92, 90, 92, 91, 91, 92, 93, 91, 93, 3, 92, 0, 94, 92, 94, 93, 93, 94, 95, 93, 95, 3, 94, 0, 96, 94, 96, 95, 95, 96, 97, 95, 97, 3, 96, 0, 1, 96, 1, 97, 97, 1, 2, 97, 2, 3]
        rel material:binding = </Cappuccino/Material_3>
        normal3f[] normals = [(0, 1, 0), (0.721247, 0.6926779, 3.1928996e-18), (0.721247, -0.6926779, -3.1928996e-18), (0, -1, 0), (0.71507645, 0.69267815, 0.0941416), (0.71507645, -0.69267815, 0.0941416), (0.6966711, 0.692678, 0.18667227), (0.6966711, -0.692678, 0.18667227), (0.6663453, 0.69267803, 0.2760092), (0.6663453, -0.69267803, 0.2760092), (0.6246182, 0.692678, 0.36062357), (0.6246182, -0.692678, 0.36062357), (0.5722036, 0.6926781, 0.4390673), (0.5722036, -0.6926781, 0.4390673), (0.5099986, 0.692678, 0.5099986), (0.5099986, -0.692678, 0.5099986), (0.4390673, 0.6926781, 0.5722036), (0.4390673, -0.6926781, 0.5722036), (0.36062357, 0.692678, 0.6246182), (0.36062357, -0.692678, 0.6246182), (0.2760092, 0.69267803, 0.6663453), (0.2760092, -0.69267803, 0.6663453), (0.18667227, 0.692678, 0.6966711), (0.18667227, -0.692678, 0.6966711), (0.0941416, 0.69267815, 0.71507645), (0.0941416, -0.69267815, 0.71507645), (2.5543197e-17, 0.6926779, 0.721247), (2.6341423e-17, -0.6926779, 0.721247), (-0.0941416, 0.69267815, 0.71507645), (-0.0941416, -0.69267815, 0.71507645), (-0.18667227, 0.692678, 0.6966711), (-0.18667227, -0.692678, 0.6966711), (-0.2760092, 0.69267803, 0.6663453), (-0.2760092, -0.69267803, 0.6663453), (-0.36062357, 0.692678, 0.6246182), (-0.36062357, -0.692678, 0.6246182), (-0.4390673, 0.6926781, 0.5722036), (-0.4390673, -0.6926781, 0.5722036), (-0.5099986, 0.692678, 0.5099986), (-0.5099986, -0.692678, 0.5099986), (-0.5722036, 0.6926781, 0.4390673), (-0.5722036, -0.6926781, 0.4390673), (-0.6246182, 0.692678, 0.36062357), (-0.6246182, -0.692678, 0.36062357), (-0.6663453, 0.69267803, 0.2760092), (-0.6663453, -0.69267803, 0.2760092), (-0.6966711, 0.692678, 0.18667227), (-0.6966711, -0.692678, 0.18667227), (-0.71507645, 0.69267815, 0.0941416), (-0.71507645, -0.69267815, 0.0941416), (-0.721247, 0.6926779, 5.4279294e-17), (-0.721247, -0.6926779, 3.5121897e-17), (-0.71507645, 0.69267815, -0.0941416), (-0.71507645, -0.69267815, -0.0941416), (-0.6966711, 0.692678, -0.18667227), (-0.6966711, -0.692678, -0.18667227), (-0.6663453, 0.69267803, -0.2760092), (-0.6663453, -0.69267803, -0.2760092), (-0.6246182, 0.692678, -0.36062357), (-0.6246182, -0.692678, -0.36062357), (-0.5722036, 0.6926781, -0.4390673), (-0.5722036, -0.6926781, -0.4390673), (-0.5099986, 0.692678, -0.5099986), (-0.5099986, -0.692678, -0.5099986), (-0.4390673, 0.6926781, -0.5722036), (-0.4390673, -0.6926781, -0.5722036), (-0.36062357, 0.692678, -0.6246182), (-0.36062357, -0.692678, -0.6246182), (-0.2760092, 0.69267803, -0.6663453), (-0.2760092, -0.69267803, -0.6663453), (-0.18667227, 0.692678, -0.6966711), (-0.18667227, -0.692678, -0.6966711), (-0.0941416, 0.69267815, -0.71507645), (-0.0941416, -0.69267815, -0.71507645), (-6.385799e-17, 0.6926779, -0.721247), (-6.4656215e-17, -0.6926779, -0.721247), (0.0941416, 0.69267815, -0.71507645), (0.0941416, -0.69267815, -0.71507645), (0.18667227, 0.692678, -0.6966711), (0.18667227, -0.692678, -0.6966711), (0.2760092, 0.69267803, -0.6663453), (0.2760092, -0.69267803, -0.6663453), (0.36062357, 0.692678, -0.6246182), (0.36062357, -0.692678, -0.6246182), (0.4390673, 0.6926781, -0.5722036), (0.4390673, -0.6926781, -0.5722036), (0.5099986, 0.692678, -0.5099986), (0.5099986, -0.692678, -0.5099986), (0.5722036, 0.6926781, -0.4390673), (0.5722036, -0.6926781, -0.4390673), (0.6246182, 0.692678, -0.36062357), (0.6246182, -0.692678, -0.36062357), (0.6663453, 0.69267803, -0.2760092), (0.6663453, -0.69267803, -0.2760092), (0.6966711, 0.692678, -0.18667227), (0.6966711, -0.692678, -0.18667227), (0.71507645, 0.69267815, -0.0941416), (0.71507645, -0.69267815, -0.0941416)] (
            interpolation = "vertex"
        )
        point3f[] points = [(0, 0.06, -6.123234e-20), (0.0408, 0.06, -6.123234e-20), (0.0408, 0.058, 6.123234e-20), (0, 0.058, 6.123234e-20), (0.04045095, 0.06, 0.0053254687), (0.04045095, 0.058, 0.0053254687), (0.039409775, 0.06, 0.010559817), (0.039409775, 0.058, 0.010559817), (0.037694287, 0.06, 0.015613484), (0.037694287, 0.058, 0.015613484), (0.03533384, 0.06, 0.0204), (0.03533384, 0.058, 0.0204), (0.032368816, 0.06, 0.024837466), (0.032368816, 0.058, 0.024837466), (0.028849958, 0.06, 0.028849958), (0.028849958, 0.058, 0.028849958), (0.024837466, 0.06, 0.032368816), (0.024837466, 0.058, 0.032368816), (0.0204, 0.06, 0.03533384), (0.0204, 0.058, 0.03533384), (0.015613484, 0.06, 0.037694287), (0.015613484, 0.058, 0.037694287), (0.010559817, 0.06, 0.039409775), (0.010559817, 0.058, 0.039409775), (0.0053254687, 0.06, 0.04045095), (0.0053254687, 0.058, 0.04045095), (2.4982794e-18, 0.06, 0.0408), (2.4982794e-18, 0.058, 0.0408), (-0.0053254687, 0.06, 0.04045095), (-0.0053254687, 0.058, 0.04045095), (-0.010559817, 0.06, 0.039409775), (-0.010559817, 0.058, 0.039409775), (-0.015613484, 0.06, 0.037694287), (-0.015613484, 0.058, 0.037694287), (-0.0204, 0.06, 0.03533384), (-0.0204, 0.058, 0.03533384), (-0.024837466, 0.06, 0.032368816), (-0.024837466, 0.058, 0.032368816), (-0.028849958, 0.06, 0.028849958), (-0.028849958, 0.058, 0.028849958), (-0.032368816, 0.06, 0.024837466), (-0.032368816, 0.058, 0.024837466), (-0.03533384, 0.06, 0.0204), (-0.03533384, 0.058, 0.0204), (-0.037694287, 0.06, 0.015613484), (-0.037694287, 0.058, 0.015613484), (-0.039409775, 0.06, 0.010559817), (-0.039409775, 0.058, 0.010559817), (-0.04045095, 0.06, 0.0053254687), (-0.04045095, 0.058, 0.0053254687), (-0.0408, 0.06, 4.935327e-18), (-0.0408, 0.058, 5.0577913e-18), (-0.04045095, 0.06, -0.0053254687), (-0.04045095, 0.058, -0.0053254687), (-0.039409775, 0.06, -0.010559817), (-0.039409775, 0.058, -0.010559817), (-0.037694287, 0.06, -0.015613484), (-0.037694287, 0.058, -0.015613484), (-0.03533384, 0.06, -0.0204), (-0.03533384, 0.058, -0.0204), (-0.032368816, 0.06, -0.024837466), (-0.032368816, 0.058, -0.024837466), (-0.028849958, 0.06, -0.028849958), (-0.028849958, 0.058, -0.028849958), (-0.024837466, 0.06, -0.032368816), (-0.024837466, 0.058, -0.032368816), (-0.0204, 0.06, -0.03533384), (-0.0204, 0.058, -0.03533384), (-0.015613484, 0.06, -0.037694287), (-0.015613484, 0.058, -0.037694287), (-0.010559817, 0.06, -0.039409775), (-0.010559817, 0.058, -0.039409775), (-0.0053254687, 0.06, -0.04045095), (-0.0053254687, 0.058, -0.04045095), (-7.494839e-18, 0.06, -0.0408), (-7.494839e-18, 0.058, -0.0408), (0.0053254687, 0.06, -0.04045095), (0.0053254687, 0.058, -0.04045095), (0.010559817, 0.06, -0.039409775), (0.010559817, 0.058, -0.039409775), (0.015613484, 0.06, -0.037694287), (0.015613484, 0.058, -0.037694287), (0.0204, 0.06, -0.03533384), (0.0204, 0.058, -0.03533384), (0.024837466, 0.06, -0.032368816), (0.024837466, 0.058, -0.032368816), (0.028849958, 0.06, -0.028849958), (0.028849958, 0.058, -0.028849958), (0.032368816, 0.06, -0.024837466), (0.032368816, 0.058, -0.024837466), (0.03533384, 0.06, -0.0204), (0.03533384, 0.058, -0.0204), (0.037694287, 0.06, -0.015613484), (0.037694287, 0.058, -0.015613484), (0.039409775, 0.06, -0.010559817), (0.039409775, 0.058, -0.010559817), (0.04045095, 0.06, -0.0053254687), (0.04045095, 0.058, -0.0053254687)]
    }

    def Material "Material_3"
    {
        token outputs:surface.connect = </Cappuccino/Material_3/PBRShader.outputs:surface>

        def Shader "PBRShader"
        {
            uniform token info:id = "UsdPreviewSurface"
            color3f inputs:diffuseColor = (0.29411766, 0.14901961, 0.07058824)
            float inputs:metallic = 0
            float inputs:roughness = 0.3
            token outputs:surface
        }
    }

    def Mesh "Mesh_4"
    {
        int[] faceVertexCounts = [3, 3, 3, 3, 3, 3, 3, 3, 3, 3, 3, 3, 3, 3, 3, 3, 3, 3, 3, 3, 3, 3, 3, 3, 3, 3, 3, 3, 3, 3, 3, 3, 3, 3, 3, 3, 3, 3, 3, 3, 3, 3, 3, 3, 3, 3, 3, 3, 3, 3, 3, 3, 3, 3, 3, 3, 3, 3, 3, 3, 3, 3, 3, 3, 3, 3, 3, 3, 3, 3, 3, 3, 3, 3, 3, 3, 3, 3, 3, 3, 3, 3, 3, 3, 3, 3, 3, 3, 3, 3, 3, 3, 3, 3, 3, 3, 3, 3, 3, 3, 3, 3, 3, 3, 3, 3, 3, 3, 3, 3, 3, 3, 3, 3, 3, 3, 3, 3, 3, 3, 3, 3, 3, 3, 3, 3, 3, 3, 3, 3, 3, 3, 3, 3, 3, 3, 3, 3, 3, 3, 3, 3, 3, 3, 3, 3, 3, 3, 3, 3, 3, 3, 3, 3, 3, 3, 3, 3, 3, 3, 3, 3, 3, 3, 3, 3, 3, 3, 3, 3, 3, 3, 3, 3, 3, 3, 3, 3, 3, 3, 3, 3, 3, 3, 3, 3, 3, 3, 3, 3, 3, 3]
        int[] faceVertexIndices = [1, 0, 4, 1, 4, 2, 2, 4, 5, 2, 5, 3, 4, 0, 6, 4, 6, 5, 5, 6, 7, 5, 7, 3, 6, 0, 8, 6, 8, 7, 7, 8, 9, 7, 9, 3, 8, 0, 10, 8, 10, 9, 9, 10, 11, 9, 11, 3, 10, 0, 12, 10, 12, 11, 11, 12, 13, 11, 13, 3, 12, 0, 14, 12, 14, 13, 13, 14, 15, 13, 15, 3, 14, 0, 16, 14, 16, 15, 15, 16, 17, 15, 17, 3, 16, 0, 18, 16, 18, 17, 17, 18, 19, 17, 19, 3, 18, 0, 20, 18, 20, 19, 19, 20, 21, 19, 21, 3, 20, 0, 22, 20, 22, 21, 21, 22, 23, 21, 23, 3, 22, 0, 24, 22, 24, 23, 23, 24, 25, 23, 25, 3, 24, 0, 26, 24, 26, 25, 25, 26, 27, 25, 27, 3, 26, 0, 28, 26, 28, 27, 27, 28, 29, 27, 29, 3, 28, 0, 30, 28, 30, 29, 29, 30, 31, 29, 31, 3, 30, 0, 32, 30, 32, 31, 31, 32, 33, 31, 33, 3, 32, 0, 34, 32, 34, 33, 33, 34, 35, 33, 35, 3, 34, 0, 36, 34, 36, 35, 35, 36, 37, 35, 37, 3, 36, 0, 38, 36, 38, 37, 37, 38, 39, 37, 39, 3, 38, 0, 40, 38, 40, 39, 39, 40, 41, 39, 41, 3, 40, 0, 42, 40, 42, 41, 41, 42, 43, 41, 43, 3, 42, 0, 44, 42, 44, 43, 43, 44, 45, 43, 45, 3, 44, 0, 46, 44, 46, 45, 45, 46, 47, 45, 47, 3, 46, 0, 48, 46, 48, 47, 47, 48, 49, 47, 49, 3, 48, 0, 50, 48, 50, 49, 49, 50, 51, 49, 51, 3, 50, 0, 52, 50, 52, 51, 51, 52, 53, 51, 53, 3, 52, 0, 54, 52, 54, 53, 53, 54, 55, 53, 55, 3, 54, 0, 56, 54, 56, 55, 55, 56, 57, 55, 57, 3, 56, 0, 58, 56, 58, 57, 57, 58, 59, 57, 59, 3, 58, 0, 60, 58, 60, 59, 59, 60, 61, 59, 61, 3, 60, 0, 62, 60, 62, 61, 61, 62, 63, 61, 63, 3, 62, 0, 64, 62, 64, 63, 63, 64, 65, 63, 65, 3, 64, 0, 66, 64, 66, 65, 65, 66, 67, 65, 67, 3, 66, 0, 68, 66, 68, 67, 67, 68, 69, 67, 69, 3, 68, 0, 70, 68, 70, 69, 69, 70, 71, 69, 71, 3, 70, 0, 72, 70, 72, 71, 71, 72, 73, 71, 73, 3, 72, 0, 74, 72, 74, 73, 73, 74, 75, 73, 75, 3, 74, 0, 76, 74, 76, 75, 75, 76, 77, 75, 77, 3, 76, 0, 78, 76, 78, 77, 77, 78, 79, 77, 79, 3, 78, 0, 80, 78, 80, 79, 79, 80, 81, 79, 81, 3, 80, 0, 82, 80, 82, 81, 81, 82, 83, 81, 83, 3, 82, 0, 84, 82, 84, 83, 83, 84, 85, 83, 85, 3, 84, 0, 86, 84, 86, 85, 85, 86, 87, 85, 87, 3, 86, 0, 88, 86, 88, 87, 87, 88, 89, 87, 89, 3, 88, 0, 90, 88, 90, 89, 89, 90, 91, 89, 91, 3, 90, 0, 92, 90, 92, 91, 91, 92, 93, 91, 93, 3, 92, 0, 94, 92, 94, 93, 93, 94, 95, 93, 95, 3, 94, 0, 96, 94, 96, 95, 95, 96, 97, 95, 97, 3, 96, 0, 1, 96, 1, 97, 97, 1, 2, 97, 2, 3]
        rel material:binding = </Cappuccino/Material_4>
        normal3f[] normals = [(0, 1, 0), (0.7212469, 0.69267803, 0), (0.7212469, -0.69267803, -3.192899e-18), (0, -1, 0), (0.71507657, 0.69267803, 0.09414163), (0.71507657, -0.69267803, 0.09414163), (0.696671, 0.6926781, 0.18667245), (0.696671, -0.6926781, 0.18667245), (0.6663453, 0.692678, 0.27600932), (0.6663453, -0.692678, 0.27600932), (0.6246181, 0.6926781, 0.36062348), (0.6246181, -0.6926781, 0.36062348), (0.57220376, 0.69267803, 0.4390672), (0.57220376, -0.69267803, 0.4390672), (0.5099986, 0.69267803, 0.5099986), (0.5099986, -0.69267803, 0.5099986), (0.4390672, 0.69267803, 0.57220376), (0.4390672, -0.69267803, 0.57220376), (0.36062348, 0.6926781, 0.6246181), (0.36062348, -0.6926781, 0.6246181), (0.27600932, 0.692678, 0.6663453), (0.27600932, -0.692678, 0.6663453), (0.18667245, 0.6926781, 0.696671), (0.18667245, -0.6926781, 0.696671), (0.09414163, 0.69267803, 0.71507657), (0.09414163, -0.69267803, 0.71507657), (2.2350293e-17, 0.69267803, 0.7212469), (2.7139642e-17, -0.69267803, 0.7212469), (-0.09414163, 0.69267803, 0.71507657), (-0.09414163, -0.69267803, 0.71507657), (-0.18667245, 0.6926781, 0.696671), (-0.18667245, -0.6926781, 0.696671), (-0.27600932, 0.692678, 0.6663453), (-0.27600932, -0.692678, 0.6663453), (-0.36062348, 0.6926781, 0.6246181), (-0.36062348, -0.6926781, 0.6246181), (-0.4390672, 0.69267803, 0.57220376), (-0.4390672, -0.69267803, 0.57220376), (-0.5099986, 0.69267803, 0.5099986), (-0.5099986, -0.69267803, 0.5099986), (-0.57220376, 0.69267803, 0.4390672), (-0.57220376, -0.69267803, 0.4390672), (-0.6246181, 0.6926781, 0.36062348), (-0.6246181, -0.6926781, 0.36062348), (-0.6663453, 0.692678, 0.27600932), (-0.6663453, -0.692678, 0.27600932), (-0.696671, 0.6926781, 0.18667245), (-0.696671, -0.6926781, 0.18667245), (-0.71507657, 0.69267803, 0.09414163), (-0.71507657, -0.69267803, 0.09414163), (-0.7212469, 0.69267803, 3.192899e-17), (-0.7212469, -0.69267803, 5.2682835e-17), (-0.71507657, 0.69267803, -0.09414163), (-0.71507657, -0.69267803, -0.09414163), (-0.696671, 0.6926781, -0.18667245), (-0.696671, -0.6926781, -0.18667245), (-0.6663453, 0.692678, -0.27600932), (-0.6663453, -0.692678, -0.27600932), (-0.6246181, 0.6926781, -0.36062348), (-0.6246181, -0.6926781, -0.36062348), (-0.57220376, 0.69267803, -0.4390672), (-0.57220376, -0.69267803, -0.4390672), (-0.5099986, 0.69267803, -0.5099986), (-0.5099986, -0.69267803, -0.5099986), (-0.4390672, 0.69267803, -0.57220376), (-0.4390672, -0.69267803, -0.57220376), (-0.36062348, 0.6926781, -0.6246181), (-0.36062348, -0.6926781, -0.6246181), (-0.27600932, 0.692678, -0.6663453), (-0.27600932, -0.692678, -0.6663453), (-0.18667245, 0.6926781, -0.696671), (-0.18667245, -0.6926781, -0.696671), (-0.09414163, 0.69267803, -0.71507657), (-0.09414163, -0.69267803, -0.71507657), (-6.705088e-17, 0.69267803, -0.7212469), (-6.385798e-17, -0.69267803, -0.7212469), (0.09414163, 0.69267803, -0.71507657), (0.09414163, -0.69267803, -0.71507657), (0.18667245, 0.6926781, -0.696671), (0.18667245, -0.6926781, -0.696671), (0.27600932, 0.692678, -0.6663453), (0.27600932, -0.692678, -0.6663453), (0.36062348, 0.6926781, -0.6246181), (0.36062348, -0.6926781, -0.6246181), (0.4390672, 0.69267803, -0.57220376), (0.4390672, -0.69267803, -0.57220376), (0.5099986, 0.69267803, -0.5099986), (0.5099986, -0.69267803, -0.5099986), (0.57220376, 0.69267803, -0.4390672), (0.57220376, -0.69267803, -0.4390672), (0.6246181, 0.6926781, -0.36062348), (0.6246181, -0.6926781, -0.36062348), (0.6663453, 0.692678, -0.27600932), (0.6663453, -0.692678, -0.27600932), (0.696671, 0.6926781, -0.18667245), (0.696671, -0.6926781, -0.18667245), (0.71507657, 0.69267803, -0.09414163), (0.71507657, -0.69267803, -0.09414163)] (
            interpolation = "vertex"
        )
        point3f[] points = [(0, 0.06075, -7.6540424e-20), (0.029376, 0.06075, -7.6540424e-20), (0.029376, 0.05825, 7.6540424e-20), (0, 0.05825, 7.6540424e-20), (0.029124685, 0.06075, 0.0038343375), (0.029124685, 0.05825, 0.0038343375), (0.028375037, 0.06075, 0.0076030684), (0.028375037, 0.05825, 0.0076030684), (0.027139885, 0.06075, 0.011241709), (0.027139885, 0.05825, 0.011241709), (0.025440361, 0.06075, 0.014688), (0.025440361, 0.05825, 0.014688), (0.023305548, 0.06075, 0.017882975), (0.023305548, 0.05825, 0.017882975), (0.02077197, 0.06075, 0.02077197), (0.02077197, 0.05825, 0.02077197), (0.017882975, 0.06075, 0.023305548), (0.017882975, 0.05825, 0.023305548), (0.014688, 0.06075, 0.025440361), (0.014688, 0.05825, 0.025440361), (0.011241709, 0.06075, 0.027139885), (0.011241709, 0.05825, 0.027139885), (0.0076030684, 0.06075, 0.028375037), (0.0076030684, 0.05825, 0.028375037), (0.0038343375, 0.06075, 0.029124685), (0.0038343375, 0.05825, 0.029124685), (1.7987613e-18, 0.06075, 0.029376), (1.7987613e-18, 0.05825, 0.029376), (-0.0038343375, 0.06075, 0.029124685), (-0.0038343375, 0.05825, 0.029124685), (-0.0076030684, 0.06075, 0.028375037), (-0.0076030684, 0.05825, 0.028375037), (-0.011241709, 0.06075, 0.027139885), (-0.011241709, 0.05825, 0.027139885), (-0.014688, 0.06075, 0.025440361), (-0.014688, 0.05825, 0.025440361), (-0.017882975, 0.06075, 0.023305548), (-0.017882975, 0.05825, 0.023305548), (-0.02077197, 0.06075, 0.02077197), (-0.02077197, 0.05825, 0.02077197), (-0.023305548, 0.06075, 0.017882975), (-0.023305548, 0.05825, 0.017882975), (-0.025440361, 0.06075, 0.014688), (-0.025440361, 0.05825, 0.014688), (-0.027139885, 0.06075, 0.011241709), (-0.027139885, 0.05825, 0.011241709), (-0.028375037, 0.06075, 0.0076030684), (-0.028375037, 0.05825, 0.0076030684), (-0.029124685, 0.06075, 0.0038343375), (-0.029124685, 0.05825, 0.0038343375), (-0.029376, 0.06075, 3.520982e-18), (-0.029376, 0.05825, 3.674063e-18), (-0.029124685, 0.06075, -0.0038343375), (-0.029124685, 0.05825, -0.0038343375), (-0.028375037, 0.06075, -0.0076030684), (-0.028375037, 0.05825, -0.0076030684), (-0.027139885, 0.06075, -0.011241709), (-0.027139885, 0.05825, -0.011241709), (-0.025440361, 0.06075, -0.014688), (-0.025440361, 0.05825, -0.014688), (-0.023305548, 0.06075, -0.017882975), (-0.023305548, 0.05825, -0.017882975), (-0.02077197, 0.06075, -0.02077197), (-0.02077197, 0.05825, -0.02077197), (-0.017882975, 0.06075, -0.023305548), (-0.017882975, 0.05825, -0.023305548), (-0.014688, 0.06075, -0.025440361), (-0.014688, 0.05825, -0.025440361), (-0.011241709, 0.06075, -0.027139885), (-0.011241709, 0.05825, -0.027139885), (-0.0076030684, 0.06075, -0.028375037), (-0.0076030684, 0.05825, -0.028375037), (-0.0038343375, 0.06075, -0.029124685), (-0.0038343375, 0.05825, -0.029124685), (-5.3962835e-18, 0.06075, -0.029376), (-5.3962835e-18, 0.05825, -0.029376), (0.0038343375, 0.06075, -0.029124685), (0.0038343375, 0.05825, -0.029124685), (0.0076030684, 0.06075, -0.028375037), (0.0076030684, 0.05825, -0.028375037), (0.011241709, 0.06075, -0.027139885), (0.011241709, 0.05825, -0.027139885), (0.014688, 0.06075, -0.025440361), (0.014688, 0.05825, -0.025440361), (0.017882975, 0.06075, -0.023305548), (0.017882975, 0.05825, -0.023305548), (0.02077197, 0.06075, -0.02077197), (0.02077197, 0.05825, -0.02077197), (0.023305548, 0.06075, -0.017882975), (0.023305548, 0.05825, -0.017882975), (0.025440361, 0.06075, -0.014688), (0.025440361, 0.05825, -0.014688), (0.027139885, 0.06075, -0.011241709), (0.027139885, 0.05825, -0.011241709), (0.028375037, 0.06075, -0.0076030684), (0.028375037, 0.05825, -0.0076030684), (0.029124685, 0.06075, -0.0038343375), (0.029124685, 0.05825, -0.0038343375)]
    }

    def Material "Material_4"
    {
        token outputs:surface.connect = </Cappuccino/Material_4/PBRShader.outputs:surface>

        def Shader "PBRShader"
        {
            uniform token info:id = "UsdPreviewSurface"
            color3f inputs:diffuseColor = (0.9411765, 0.8862745, 0.8039216)
            float inputs:metallic = 0
            float inputs:roughness = 0.3
            token outputs:surface
        }
    }

    def Mesh "Mesh_5"
    {
        int[] faceVertexCounts = [3, 3, 3, 3, 3, 3, 3, 3, 3, 3, 3, 3, 3, 3, 3, 3, 3, 3, 3, 3, 3, 3, 3, 3, 3, 3, 3, 3, 3, 3, 3, 3, 3, 3, 3, 3, 3, 3, 3, 3, 3, 3, 3, 3, 3, 3, 3, 3, 3, 3, 3, 3, 3, 3, 3, 3, 3, 3, 3, 3, 3, 3, 3, 3, 3, 3, 3, 3, 3, 3, 3, 3, 3, 3, 3, 3, 3, 3, 3, 3, 3, 3, 3, 3, 3, 3, 3, 3, 3, 3, 3, 3, 3, 3, 3, 3, 3, 3, 3, 3, 3, 3, 3, 3, 3, 3, 3, 3, 3, 3, 3, 3, 3, 3, 3, 3, 3, 3, 3, 3, 3, 3, 3, 3, 3, 3, 3, 3, 3, 3, 3, 3, 3, 3, 3, 3, 3, 3, 3, 3, 3, 3, 3, 3]
        int[] faceVertexIndices = [1, 0, 4, 1, 4, 2, 2, 4, 5, 2, 5, 3, 4, 0, 6, 4, 6, 5, 5, 6, 7, 5, 7, 3, 6, 0, 8, 6, 8, 7, 7, 8, 9, 7, 9, 3, 8, 0, 10, 8, 10, 9, 9, 10, 11, 9, 11, 3, 10, 0, 12, 10, 12, 11, 11, 12, 13, 11, 13, 3, 12, 0, 14, 12, 14, 13, 13, 14, 15, 13, 15, 3, 14, 0, 16, 14, 16, 15, 15, 16, 17, 15, 17, 3, 16, 0, 18, 16, 18, 17, 17, 18, 19, 17, 19, 3, 18, 0, 20, 18, 20, 19, 19, 20, 21, 19, 21, 3, 20, 0, 22, 20, 22, 21, 21, 22, 23, 21, 23, 3, 22, 0, 24, 22, 24, 23, 23, 24, 25, 23, 25, 3, 24, 0, 26, 24, 26, 25, 25, 26, 27, 25, 27, 3, 26, 0, 28, 26, 28, 27, 27, 28, 29, 27, 29, 3, 28, 0, 30, 28, 30, 29, 29, 30, 31, 29, 31, 3, 30, 0, 32, 30, 32, 31, 31, 32, 33, 31, 33, 3, 32, 0, 34, 32, 34, 33, 33, 34, 35, 33, 35, 3, 34, 0, 36, 34, 36, 35, 35, 36, 37, 35, 37, 3, 36, 0, 38, 36, 38, 37, 37, 38, 39, 37, 39, 3, 38, 0, 40, 38, 40, 39, 39, 40, 41, 39, 41, 3, 40, 0, 42, 40, 42, 41, 41, 42, 43, 41, 43, 3, 42, 0, 44, 42, 44, 43, 43, 44, 45, 43, 45, 3, 44, 0, 46, 44, 46, 45, 45, 46, 47, 45, 47, 3, 46, 0, 48, 46, 48, 47, 47, 48, 49, 47, 49, 3, 48, 0, 50, 48, 50, 49, 49, 50, 51, 49, 51, 3, 50, 0, 52, 50, 52, 51, 51, 52, 53, 51, 53, 3, 52, 0, 54, 52, 54, 53, 53, 54, 55, 53, 55, 3, 54, 0, 56, 54, 56, 55, 55, 56, 57, 55, 57, 3, 56, 0, 58, 56, 58, 57, 57, 58, 59, 57, 59, 3, 58, 0, 60, 58, 60, 59, 59, 60, 61, 59, 61, 3, 60, 0, 62, 60, 62, 61, 61, 62, 63, 61, 63, 3, 62, 0, 64, 62, 64, 63, 63, 64, 65, 63, 65, 3, 64, 0, 66, 64, 66, 65, 65, 66, 67, 65, 67, 3, 66, 0, 68, 66, 68, 67, 67, 68, 69, 67, 69, 3, 68, 0, 70, 68, 70, 69, 69, 70, 71, 69, 71, 3, 70, 0, 72, 70, 72, 71, 71, 72, 73, 71, 73, 3, 72, 0, 1, 72, 1, 73, 73, 1, 2, 73, 2, 3]
        rel material:binding = </Cappuccino/Material_5>
        normal3f[] normals = [(0, 1, 0), (0.72570497, 0.68800604, -3.9943424e-10), (0.72570497, -0.68800604, -3.994342e-10), (0, -1, 0), (0.71467984, 0.68800604, 0.12601742), (0.71467984, -0.68800604, 0.12601742), (0.68193954, 0.6880061, 0.24820574), (0.68193954, -0.6880061, 0.24820574), (0.62847894, 0.68800604, 0.36285242), (0.62847894, -0.68800604, 0.36285242), (0.55592227, 0.68800604, 0.46647412), (0.55592227, -0.68800604, 0.46647412), (0.46647412, 0.68800604, 0.55592227), (0.46647412, -0.68800604, 0.55592227), (0.36285242, 0.68800604, 0.62847894), (0.36285242, -0.68800604, 0.62847894), (0.24820574, 0.6880061, 0.68193954), (0.24820574, -0.6880061, 0.68193954), (0.12601742, 0.68800604, 0.71467984), (0.12601742, -0.68800604, 0.71467984), (-3.9943424e-10, 0.68800604, 0.72570497), (-3.994342e-10, -0.68800604, 0.72570497), (-0.12601742, 0.68800604, 0.71467984), (-0.12601742, -0.68800604, 0.71467984), (-0.24820574, 0.6880061, 0.68193954), (-0.24820574, -0.6880061, 0.68193954), (-0.3628524, 0.6880061, 0.62847894), (-0.3628524, -0.6880061, 0.62847894), (-0.4664742, 0.68800604, 0.55592227), (-0.4664742, -0.68800604, 0.55592227), (-0.5559222, 0.6880061, 0.4664741), (-0.5559222, -0.6880061, 0.4664741), (-0.6284789, 0.68800604, 0.36285254), (-0.6284789, -0.68800604, 0.36285254), (-0.6819396, 0.68800604, 0.24820562), (-0.6819396, -0.68800604, 0.24820562), (-0.71467984, 0.6880061, 0.12601727), (-0.71467984, -0.6880061, 0.12601727), (-0.72570497, 0.68800604, -3.9943424e-10), (-0.72570497, -0.68800604, -3.994342e-10), (-0.71467984, 0.6880061, -0.12601727), (-0.71467984, -0.6880061, -0.12601727), (-0.6819396, 0.68800604, -0.24820562), (-0.6819396, -0.68800604, -0.24820562), (-0.6284789, 0.68800604, -0.3628525), (-0.6284789, -0.68800604, -0.3628525), (-0.5559222, 0.6880061, -0.46647418), (-0.5559222, -0.6880061, -0.46647418), (-0.46647418, 0.6880061, -0.5559222), (-0.46647418, -0.6880061, -0.5559222), (-0.3628525, 0.68800604, -0.6284789), (-0.3628525, -0.68800604, -0.6284789), (-0.24820562, 0.68800604, -0.6819396), (-0.24820562, -0.68800604, -0.6819396), (-0.12601727, 0.6880061, -0.71467984), (-0.12601727, -0.6880061, -0.71467984), (-3.9943424e-10, 0.68800604, -0.72570497), (-3.994342e-10, -0.68800604, -0.72570497), (0.12601727, 0.6880061, -0.71467984), (0.12601727, -0.6880061, -0.71467984), (0.24820562, 0.68800604, -0.6819396), (0.24820562, -0.68800604, -0.6819396), (0.36285254, 0.68800604, -0.6284789), (0.36285254, -0.68800604, -0.6284789), (0.4664741, 0.6880061, -0.5559222), (0.4664741, -0.6880061, -0.5559222), (0.55592227, 0.68800604, -0.4664742), (0.55592227, -0.68800604, -0.4664742), (0.62847894, 0.6880061, -0.3628524), (0.62847894, -0.6880061, -0.3628524), (0.68193954, 0.6880061, -0.24820574), (0.68193954, -0.6880061, -0.24820574), (0.71467984, 0.68800604, -0.12601742), (0.71467984, -0.68800604, -0.12601742)] (
            interpolation = "vertex"
        )
        point3f[] points = [(0.002, 0.0615, 0.002), (0.0152192, 0.0615, 0.002), (0.0152192, 0.0585, 0.002), (0.002, 0.0585, 0.002), (0.015018371, 0.0615, 0.00429549), (0.015018371, 0.0585, 0.00429549), (0.014421985, 0.0615, 0.006521233), (0.014421985, 0.0585, 0.006521233), (0.013448163, 0.0615, 0.0086096), (0.013448163, 0.0585, 0.0086096), (0.012126495, 0.0615, 0.010497138), (0.012126495, 0.0585, 0.010497138), (0.010497138, 0.0615, 0.012126495), (0.010497138, 0.0585, 0.012126495), (0.0086096, 0.0615, 0.013448163), (0.0086096, 0.0585, 0.013448163), (0.006521233, 0.0615, 0.014421985), (0.006521233, 0.0585, 0.014421985), (0.00429549, 0.0615, 0.015018371), (0.00429549, 0.0585, 0.015018371), (0.002, 0.0615, 0.0152192), (0.002, 0.0585, 0.0152192), (-0.00029549, 0.0615, 0.015018371), (-0.00029549, 0.0585, 0.015018371), (-0.0025212327, 0.0615, 0.014421985), (-0.0025212327, 0.0585, 0.014421985), (-0.0046096, 0.0615, 0.013448163), (-0.0046096, 0.0585, 0.013448163), (-0.006497138, 0.0615, 0.012126495), (-0.006497138, 0.0585, 0.012126495), (-0.0081264945, 0.0615, 0.010497138), (-0.0081264945, 0.0585, 0.010497138), (-0.009448163, 0.0615, 0.0086096), (-0.009448163, 0.0585, 0.0086096), (-0.010421985, 0.0615, 0.006521233), (-0.010421985, 0.0585, 0.006521233), (-0.01101837, 0.0615, 0.00429549), (-0.01101837, 0.0585, 0.00429549), (-0.0112192, 0.0615, 0.002), (-0.0112192, 0.0585, 0.002), (-0.01101837, 0.0615, -0.00029549), (-0.01101837, 0.0585, -0.00029549), (-0.010421985, 0.0615, -0.0025212327), (-0.010421985, 0.0585, -0.0025212327), (-0.009448163, 0.0615, -0.0046096), (-0.009448163, 0.0585, -0.0046096), (-0.0081264945, 0.0615, -0.006497138), (-0.0081264945, 0.0585, -0.006497138), (-0.006497138, 0.0615, -0.0081264945), (-0.006497138, 0.0585, -0.0081264945), (-0.0046096, 0.0615, -0.009448163), (-0.0046096, 0.0585, -0.009448163), (-0.0025212327, 0.0615, -0.010421985), (-0.0025212327, 0.0585, -0.010421985), (-0.00029549, 0.0615, -0.01101837), (-0.00029549, 0.0585, -0.01101837), (0.002, 0.0615, -0.0112192), (0.002, 0.0585, -0.0112192), (0.00429549, 0.0615, -0.01101837), (0.00429549, 0.0585, -0.01101837), (0.006521233, 0.0615, -0.010421985), (0.006521233, 0.0585, -0.010421985), (0.0086096, 0.0615, -0.009448163), (0.0086096, 0.0585, -0.009448163), (0.010497138, 0.0615, -0.0081264945), (0.010497138, 0.0585, -0.0081264945), (0.012126495, 0.0615, -0.006497138), (0.012126495, 0.0585, -0.006497138), (0.013448163, 0.0615, -0.0046096), (0.013448163, 0.0585, -0.0046096), (0.014421985, 0.0615, -0.0025212327), (0.014421985, 0.0585, -0.0025212327), (0.015018371, 0.0615, -0.00029549), (0.015018371, 0.0585, -0.00029549)]
    }

    def Material "Material_5"
    {
        token outputs:surface.connect = </Cappuccino/Material_5/PBRShader.outputs:surface>

        def Shader "PBRShader"
        {
            uniform token info:id = "UsdPreviewSurface"
            color3f inputs:diffuseColor = (0.5294118, 0.27450982, 0.13725491)
            float inputs:metallic = 0
            float inputs:roughness = 0.3
            token outputs:surface
        }
    }
}

